id,user_id,post_id,parent_id,content,create_time
1,50,1,,这篇游记生动描绘了秦皇岛港的历史变迁，让人仿佛穿越时空。作者不仅介绍了丰富的历史文化背景，还分享了许多实用的旅行小贴士，如最佳游览时间、美食推荐等，非常适合计划前往的朋友参考。不过，如果能加入更多个人体验和感受就更完美了！,1741812225
2,66,2,,这篇游记生动地描绘了秦皇岛日落的美丽景色，让我对当地的夕阳美景充满了向往。作者不仅分享了最佳观赏点和拍摄技巧，还提醒游客要注意安全，选择合适的时间出行。,1742365107
3,72,3,,这篇游记生动描绘了秦皇岛的古迹魅力，特别是秦始皇东巡的遗迹。文章不仅让人感受到历史的厚重，还详细介绍了当地的美食和风土人情，非常适合计划前往的朋友参考。不过，如果能加入一些个人体验或建议，比如最佳游览时间和注意事项，会更加实用。（约97字）,1741870242
4,74,4,,这篇游记详细介绍了秦皇岛日落的独特魅力，让人仿佛身临其境。作者不仅捕捉到了夕阳西下的壮丽景色，还分享了许多实用的小贴士，如最佳观赏时间、拍照技巧等。不过，如果能加入一些当地特色小吃的推荐，相信会更加完美，让旅行体验更丰富。,1742010065
5,24,5,,这篇游记生动描绘了秦皇岛海边的无限乐趣！作者详细介绍了冲浪、帆船等海上活动，不仅让读者感受到了海风拂面的畅快，还分享了实用的小贴士。对于渴望探索海洋奥秘的旅行者来说，是一份不容错过的好指南。,1741822569
6,2,6,,这篇游记详细介绍了鸽子窝公园的独特魅力，让人仿佛置身于蓝天白云下的壮丽海岸。文章不仅分享了美丽的风景照片，还提供了实用的游玩建议和美食推荐，非常适合准备探访秦皇岛的旅行者参考。不过，如果能加入一些个人体验或感受，会更加吸引人哦！,1742554264
7,96,7,,这篇《秦皇岛夏日乐趣避暑攻略》确实让人眼前一亮！不仅介绍了丰富的游玩项目和美食推荐，还贴心地提醒了避暑的小技巧。对于像我这样的旅行新手来说，简直是完美的暑期度假指南。不过，如果能加入一些当地居民的生活点滴或者更多关于海滩安全的信息就更好了。,1741910102
8,51,8,,这篇游记详细介绍了秦皇岛的扇贝烧烤美食，味道鲜美，做法独特。尤其是炭火烤制的方式，让人回味无穷。不过文中提到的价格有些偏高，或许可以增加一些性价比更高的推荐选项，让旅行者有更多选择。适合寻找海鲜美食的旅游爱好者参考！,1742582664
9,6,9,,这篇《秦皇岛夏日乐趣避暑攻略》确实很实用！文中不仅详细介绍了各种消暑的好去处，还贴心地推荐了当地的美食和夜生活。尤其喜欢作者对老龙头的描述，让人仿佛身临其境。,1741949963
10,5,10,,这篇《记录秦皇岛的海滨漫步》真是一篇引人入胜的游记！作者生动描绘了秦皇岛的海滩风光和独特魅力。漫步在细腻的沙滩上，欣赏着壮丽的日落，让人仿佛置身于一幅动人的画卷中。,1742575372
11,14,11,,这篇《秦皇岛海上运动海滨攻略》真是干货满满！不仅详细介绍了各种水上活动，还贴心分享了最佳游玩时间和装备推荐。不过，希望能加入一些当地美食的推荐，让这次旅行更加完美。期待着按着这份攻略去体验一番！,1742708674
12,27,12,,这篇《如何玩转秦皇岛的海景摄影》游记详细介绍了拍摄技巧和最佳时间地点，非常实用！不过，如果能加入一些个人创意的照片分析就更完美了。另外，建议增加关于天气对摄影影响的部分，这样初学者可以更好地把握时机，拍出震撼海景照片。,1742435181
13,46,13,,这篇游记生动描绘了秦皇岛壮丽的海岸线风光。作者详细分享了拍摄技巧和心得，对旅行者极具启发性。建议增加一些当地特色美食的介绍，让读者更好地体验海滨风情。整体而言，是一篇值得一读的好文章！,1741992693
14,99,14,,这篇游记生动地描绘了老龙头景区的历史风貌和自然美景，让人仿佛身临其境。作者不仅详细介绍了景点特色，还贴心分享了游玩路线及注意事项，对喜爱秦皇岛的游客非常有帮助。只是希望以后能加入更多个人体验或感悟，让文章更加丰富多彩。,1742749764
15,86,15,,这篇《记录秦皇岛的亲子时光》游记真是温馨又实用！作者详细分享了当地的美食、游玩项目和交通信息，让家人出行更加轻松。不过，如果能多介绍一些隐藏的小众景点，想必会更吸引人呢。期待下次与家人再次踏上这片美丽的海岸线！,1742370645
16,89,16,,这篇《秦皇岛沙滩玩耍亲子攻略》非常实用！文中详细介绍了秦皇岛的海滩特色和亲子活动，还特别提到了几家适合家庭的餐厅。不过，如果能加入一些关于防晒和急救的小贴士就更好了。毕竟阳光强烈，安全第一嘛。推荐给准备带孩子来海边游玩的家庭参考！,1742034368
17,70,17,,这篇游记生动地描绘了秦皇岛渔岛风景区的美丽风光。作者细腻地捕捉到了海风、沙滩和夕阳的美好瞬间，让人仿佛身临其境。不过，如果能加入一些实用信息，比如最佳游玩时间和交通指南，就更完美了。这样的细节对计划前往的朋友非常有帮助！,1742059823
18,64,18,,这篇游记生动地记录了作者在秦皇岛的一日游经历，特别是对军事历史的兴趣让人印象深刻。建议增加一些个人感想和互动体验的描述，比如参观时的心得或是与当地居民交流的故事，这会让文章更加立体有趣。适合计划相似行程的朋友参考！,1741926183
19,84,19,,这篇《秦皇岛渔岛风景区景点推荐》游记详细介绍了渔岛的美景和特色活动。文中提到的海底世界、沙滩漫步和海鲜美食都令人向往。不过，作者似乎对岛上部分设施维护不够满意。,1742541422
20,33,20,,这篇《秦皇岛夏日乐趣避暑攻略》真是让人眼前一亮！作者详细介绍了秦皇岛的海滩、美食和夜景，让人仿佛置身其中。不过，如果能增加一些关于夏季海滩安全的小贴士，就更完美了。总之，强烈推荐给正在计划暑期旅行的朋友！,1742727413
21,91,21,,这篇游记生动地描绘了秦皇岛的海岸风光和独特魅力。作者不仅分享了详细的路线规划，还贴心推荐了几处必去的景点。不过，如果能加入一些关于季节变化对海滨景色影响的小贴士会更好，这样不同时间出行的朋友也能获得实用信息。,1741893825
22,79,22,,这篇游记详细描绘了秦皇岛渔岛的迷人风光，对于想要探索这片海域美景的旅行者来说非常实用。文中的摄影技巧和路线规划也非常值得借鉴。不过，如果能加入一些关于当地特色海鲜的小贴士就更好了，相信会给读者带来更多的惊喜！,1741833823
23,33,23,,这篇游记生动描绘了秦皇岛渔民的独特文化和悠久历史。作者细腻地记录了渔村的生活场景和传统习俗，让人仿佛身临其境。不过，如果能增加一些当地美食的介绍就更好了，这样能让读者更有食欲地探索这个海滨城市。,1742632965
24,90,24,,这篇游记生动描绘了北戴河海滨的美景，让人仿佛置身于海风中。文中的摄影技巧也让读者直观感受到秦皇岛的独特魅力。不过，如果能加入一些关于当地美食和特色活动的介绍就更好了，这样旅行规划会更加全面丰富！适合热爱自然风光与海鲜美食的旅游爱好者参考。,1741693976
25,16,25,,这篇游记生动地描绘了秦皇岛当地的美食文化，从海鲜到面食，每一道菜品都让人垂涎欲滴。作者不仅介绍了食材的选择和烹饪技巧，还分享了与当地人的交流故事，增加了游记的真实感。,1742705419
26,45,26,,这篇游记详细描绘了秦皇岛黄金海岸的美景，让人仿佛身临其境。文章不仅介绍了海岸线的壮丽风光，还贴心地推荐了几处隐蔽的观景台和美食店，非常适合计划前往的朋友参考。不过，如果能加上一些个人体验或注意事项，内容会更加丰富有趣哦！,1742469186
27,11,27,,这篇游记详细记录了在秦皇岛的一次难忘亲子露营经历。作者不仅分享了精致的营地布置和美味的食物，还提及了海滩附近丰富的野生动植物观察机会，让孩子们亲近自然。强烈推荐准备家庭户外活动的人参考，但记得提前检查天气预报，确保行程顺利！,1742098038
28,27,28,,这篇《秦皇岛山海关古道自驾游攻略》非常实用！作者详细介绍了沿途的历史文化景点和美食推荐，让自驾旅行更有意义。不过如果能增加一些路线规划的小贴士就更完美了。对了，自驾要注意天气变化哦，祝大家旅途愉快！,1741767517
29,64,29,,这篇游记生动描绘了秦皇岛港的历史韵味和现代风貌，让人仿佛亲临其境。作者不仅详细介绍了港口的发展历程，还分享了许多实用的旅行建议，如最佳游览时间和注意事项等，非常适合计划前往的朋友参考。,1742423875
30,39,30,,这篇《秦皇岛鸽子窝日出风光攻略》真是写得太精彩了！作者详细分享了观赏日出的最佳时间、注意事项和拍摄技巧，让人仿佛身临其境。不过，如果能增加一些当地特色美食的推荐就更好啦，这样旅行体验会更完整呢！,1742570661
31,6,31,,这篇游记生动描绘了在秦皇岛一日游中的独特经历。通过作者细腻的笔触，不仅让人仿佛身临其境地感受到了军港的魅力，还深入了解了那段厚重的历史。对于喜欢军事历史和寻求新奇体验的旅行者来说，是一次不容错过的旅程。,1742274475
32,90,32,,这篇游记生动地描绘了秦皇岛碣石山的壮丽景色。作者详细分享了登山路线和沿途风光，让人仿佛身临其境。不过，如果能增加一些关于季节变化对景点影响的内容就更好了，这样可以帮助计划不同时间出游的朋友更有针对性地准备。总体来说，是一篇值得推荐的好游记！,1742157395
33,95,33,,这篇《秦皇岛沙滩玩耍亲子攻略》真是让人眼前一亮！文中详细介绍了秦皇岛多个游玩胜地和注意事项，非常适合带孩子出游的家庭参考。不过，如果能加入一些关于季节选择的建议会更好，比如哪个时间段天气更适宜、海浪更温柔，这样可以让计划更加周全。,1742087806
34,99,34,,这篇《秦皇岛北戴河路线自驾游攻略》非常实用！详细介绍了景点分布、交通方式和必去之处。不过，如果能增加一些美食推荐就更好了，毕竟吃也是旅行的一大乐趣嘛。强烈推荐给准备自驾游的朋友！,1742732610
35,68,35,,这篇关于秦皇岛亲子露营家庭游的游记真是令人向往！作者不仅详细记录了沿途风景和营地环境，还分享了许多实用贴士，让准备带孩子出游的家庭受益匪浅。不过，如果能加入一些互动体验活动的介绍就更好了，比如篝火晚会或户外游戏，这样更能增加亲子间的乐趣。,1741863762
36,95,36,,这篇游记详实地介绍了秦皇岛海胆炒饭的独特风味和烹饪技巧，让人垂涎三尺。不过，如果能加入一些当地人推荐的餐厅信息就更好了，这样我们这些旅行者可以更容易地找到正宗的味道。期待更多美食探索分享！,1742555180
37,69,37,,这篇《秦皇岛当地小吃美食攻略》真是宝藏！作者详细介绍了多种特色美食和推荐的小吃店，让我对秦皇岛的风味有了更深入的了解。不过，如果能加入一些个人尝试后的点评，会更加生动有趣。期待未来有更多这样的实用攻略！,1742238685
38,86,38,,这篇《秦皇岛科普活动亲子攻略》真是干货满满！作者不仅详细介绍了适合家庭游玩的景点和项目，还贴心地分享了交通、住宿信息。不过，若能加入一些特色美食推荐就更好啦，这样不仅能让孩子玩得开心，还能让家长体验当地风情。强烈推荐给计划带孩子出游的家庭！,1742440926
39,92,39,,这篇游记生动地描绘了秦皇岛港的历史变迁，让我仿佛亲临其境。作者不仅介绍了港口的建筑特色，还分享了许多鲜为人知的故事，增加了游览的兴趣。,1742183016
40,10,40,,这篇游记详细介绍了秦皇岛当地的特色美食，让人垂涎三尺。作者不仅分享了每道菜的独特风味，还贴心地推荐了几家值得打卡的小吃店。对于热爱尝试各地美食的旅行者来说，这无疑是一份宝贵的指南。不过，如果能加入一些个人体验和感受会更加生动有趣哦！,1742502053
41,92,41,,这篇《我的秦皇岛海滨漫步之旅》游记真是让人向往！作者细腻地描绘了海风轻拂、沙滩细腻的场景，让人仿佛身临其境。不过，如果能加入一些关于当地特色美食和必去景点的介绍就更完美啦。这样的补充会让读者在旅行计划中更有灵感哦！,1741759075
42,29,42,,这篇游记生动地描绘了秦皇岛浓厚的民俗风情和独特魅力。作者细腻入微的观察让人仿佛身临其境，感受到了当地的渔家文化与海景之美。建议加入一些实用旅行贴士，比如最佳游览时间或推荐的小吃，会更有助于读者规划行程。总体来说，这是一篇引人入胜的好文章！,1742245431
43,12,43,,这篇《秦皇岛沿途美景自驾游攻略》真是让人眼前一亮！作者详细记录了从市区到北戴河、南戴河的每一处风景点，不仅路线清晰，还附带了许多实用的小贴士。对于想要深入了解秦皇岛的自驾游爱好者来说，是一份不可多得的好资料。,1742286632
44,54,44,,这篇《秦皇岛的亲子露营家庭游》游记生动有趣，为读者详细介绍了秦皇岛周边适合亲子活动的露营地。作者不仅分享了露营装备的选择经验，还贴心地提供了户外安全须知和亲子互动游戏的小贴士，让人仿佛身临其境。,1742188186
45,87,45,,这篇游记生动地再现了秦皇岛一日游的魅力。作者详细介绍了“天下第一关”的历史背景和壮丽景观，让读者仿佛身临其境。建议可以增加一些个人体验或趣事分享，会更吸引人。总体来说，对于计划前往的朋友非常有参考价值！,1741749513
46,55,46,,这篇游记生动描绘了秦皇岛螃蟹节的热闹景象和美食体验，让人垂涎三尺。不过如果能加入一些当地蟹宴的历史背景和个人品尝心得就更好了，这样会更有代入感。期待作者下次分享更多精彩旅行故事！,1742554679
47,10,47,,这篇游记生动描绘了秦皇岛的美食风情，让人仿佛置身其间。特别是对于海鲜类的详细介绍，让人口水直流。不过，如果能加入一些当地的特色小吃和饮品推荐就更好了，这样读者在旅行时可以更全面地体验当地文化。期待作者分享更多精彩内容！,1742863967
48,74,48,,这篇游记详细介绍了老龙头景区的历史背景和游玩攻略。老龙头作为长城的一部分，不仅风景如画，还能感受到深厚的文化底蕴。建议增加一些关于最佳游览时间和天气情况的信息，这样更方便计划行程。强烈推荐！,1742768468
49,19,49,,这篇《秦皇岛一日游：体验古城风貌》游记描绘了秦山的雄伟和老龙头的历史魅力。作者细致入微地记录了从海滩漫步到古迹探访的过程，让人仿佛身临其境。不过，如果能增加一些关于当地美食的信息就更完美了！,1742182980
50,91,50,,这篇《秦皇岛动物园探秘亲子攻略》真是干货满满！详细介绍了园区布局、特色动物以及互动体验项目。对于带孩子出游的家庭来说，是一份难得的实用指南。不过，作者提到园区有时会有些拥挤，建议错峰出行或提前预约。,1742487382
51,44,51,,这篇游记生动描绘了秦皇岛丰富的明代遗迹文化，让人仿佛身临其境。作者不仅详尽介绍了山海关、角楼等古迹的历史背景，还分享了亲自探索的趣事与心得，非常值得参考。不过，若能增加一些实用的旅行小贴士，比如最佳游览时间或注意事项，则会更完美！,1742233356
52,86,52,,这篇游记详细介绍了秦皇岛的特色美食——海胆炒饭。文中不仅描述了海胆炒饭的独特风味和制作过程，还分享了几家值得一试的小吃店。对于喜爱海鲜且对尝试不同地方菜肴感兴趣的旅行者来说，这是一篇非常实用的推荐。,1741936508
53,38,53,,这篇《秦皇岛凉爽体验避暑攻略》真是好！文中详细介绍了秦皇岛的海滩风光和夏日清凉活动，让人仿佛置身其中。不过，如果能增加一些关于当地美食的信息就更完美了。推荐尝试当地的海鲜大餐，绝对是一绝！适合正在计划暑期旅行的朋友参考。,1742623825
54,80,54,,这篇游记生动地描述了秦皇岛海滨乐园的迷人之处。作者不仅分享了丰富的活动体验，还贴心推荐了几处隐蔽的好去处。对于想要逃离城市喧嚣的家庭来说，这里无疑是个好选择。不过，如果能提供更多关于最佳游玩时间及交通信息，那就更完美了！,1741762110
55,69,55,,这篇游记生动描绘了秦皇岛碣石山的壮丽景色，让人心驰神往。作者详细记录了登山的过程和所见美景，尤其是对怪石嶙峋、云雾缭绕的描写，令人印象深刻。建议增加一些实用信息，如最佳游览时间和交通方式，将更方便计划旅行的朋友。,1742156715
56,70,56,,这篇游记生动地描绘了秦皇岛动物园之旅的乐趣。孩子们在各种动物面前兴奋不已，而我也被那些精心设计的互动环节深深吸引。不过，如果能提前了解开放时间并合理安排行程，可能会更加完美。期待更多类似的旅行分享！,1741910647
57,69,57,,这篇《记录秦皇岛的自驾体验》游记真是生动有趣！作者详细介绍了沿途风光和当地特色美食，让人心驰神往。不过，如果有更多关于最佳季节出行、路线规划的小贴士就更好了。对于像我这样的自驾新手来说，非常实用。强烈推荐给正在计划秦皇岛自驾游的朋友！,1742104303
58,5,58,,这篇游记生动描绘了秦皇岛的海滨风光，作者细腻地捕捉了海风、沙滩和夕阳的变化，让读者仿佛身临其境。建议增加一些当地特色美食介绍，或者分享一些建议游玩的时间节点，这样更能激发旅行欲望。总体来说，这是一篇值得推荐的好文！,1741947307
59,87,59,,这篇关于《秦皇岛必吃的当地小吃美食》的文章真是让人垂涎三尺！文章不仅详细介绍了各种地道的小吃，还分享了每种食物背后的故事和制作方法。对于像我这样的旅行者来说，这简直就像是一个美味的指南，让我迫不及待想要再去一次秦皇岛，亲自品尝这些美味佳肴。,1742651538
60,40,60,,这篇《秦皇岛一日游：体验天下第一关》游记生动有趣，详细介绍了游览过程和感受。对于喜爱历史文化的旅行者来说，这是一篇很好的参考。建议增加一些实用信息，如开放时间、门票价格等，会更有帮助哦！,1741901021
61,45,61,,这篇《秦皇岛夏日乐趣避暑攻略》真的详细实用！不仅推荐了清凉海滩、美味海鲜，还贴心提醒了防晒防蚊的小贴士。不过，如果能加入一些亲子游玩项目的介绍就更好啦，这样带娃的家庭也能找到合适的玩法。期待下次亲自体验！,1741824633
62,65,62,,这篇游记生动描绘了老龙头景区的壮丽风光和深厚历史底蕴。作者不仅带我们领略了大海、长城交织的独特美景，还分享了许多实用的信息，如最佳游览时间和注意事项。对于计划前往的朋友来说，是一份宝贵的指南。,1742064446
63,89,63,,这篇游记生动再现了秦皇岛的历史魅力，从古老的长城到现代的城市风光，每一个景点都充满了故事。作者的文字富有感染力，让人仿佛身临其境。不过，如果能增加一些当地风土人情的介绍，或许会让旅程更加丰富多彩。推荐给正在计划探访东北海岸线的朋友！,1742014417
64,15,64,,这篇《秦皇岛停车指南自驾体验》游记非常实用，详细介绍了秦皇岛市区及周边景区的停车情况。对于自驾游的朋友来说是一大福音！不过如果能增加一些实时停车信息和APP推荐就更好了，毕竟有些停车场的信息可能会发生变化。期待更多这样的分享！,1742871226
65,17,65,,这篇《秦皇岛湿地观鸟风光攻略》真是让人眼前一亮！文中不仅详细介绍了秦皇岛湿地的自然景观，还贴心地分享了观鸟的最佳时间和注意事项。对于鸟类摄影爱好者来说，这简直是一份宝藏攻略。,1742809739
66,15,66,,这篇游记生动地描绘了秦皇岛黄金海岸的迷人风光。作者不仅详细介绍了各个景点的特点，还分享了实用的游玩贴士和美食推荐，对计划前往的朋友极具参考价值。不过，如果能加入一些个人经历中的趣事或挑战，会更加吸引读者，激发更多的共鸣哦！,1742126776
67,24,67,,这篇《秦皇岛的游乐场欢乐家庭游》真是让人充满期待！文中描述的家庭活动丰富多样，亲子互动环节温馨又有趣。不过，如果能增加一些关于如何避开高峰时段和节省费用的小贴士就更好了，这样我们全家也能更好地规划行程，享受更多乐趣。,1741683418
68,88,68,,这篇《秦皇岛海景摄影海滨攻略》真是干货满满！攻略中不仅详细介绍了拍摄的最佳时间、地点和技巧，还贴心分享了当地的美食推荐。对摄影爱好者来说，是一份非常实用的指南。不过，如果能加上一些关于交通信息和个人体验感想就更好了。,1742547040
69,60,69,,这篇《秦皇岛烤鱿鱼美食攻略》真是吃货的福音！详细介绍了几种烤鱿鱼的做法和推荐店铺，让人垂涎欲滴。不过如果能增加一些周边景点或游玩建议就更完美了，毕竟来秦皇岛除了品尝美食，还想探索更多有趣的地方嘛！,1742700558
70,78,70,,这篇《秦皇岛海滨度假避暑攻略》确实详实且实用！攻略中不仅介绍了秦皇岛的美景和美食，还贴心地规划了最佳出行时间和游玩路线。不过，如果能增加一些关于当地特色文化和历史的小贴士就更完美了。,1741768451
71,42,71,,这篇游记详细介绍了秦皇岛的海鲜市场美食，让人垂涎欲滴。尤其是烤生蚝和海蟹，新鲜程度让人口感极佳。不过文中对一些小海鲜的具体做法介绍较少，如果能增加这方面的内容就更完美了。推荐给正在计划海边美食之旅的朋友！,1742875363
72,99,72,,这篇游记生动描绘了秦皇岛黄金海岸的壮丽景色。细腻的文字让人仿佛身临其境，感受到了海风拂面、浪花拍岸的惬意。不过，如果能加入一些实用的信息，比如最佳游玩时间或是推荐的景点路线，将更有利于其他旅游爱好者计划行程。,1742439729
73,95,73,,这篇游记生动描绘了秦皇岛海钓的乐趣，对垂钓点的选择和装备准备给出了宝贵的建议。作者不仅分享了丰富的经验和技巧，还介绍了当地的美食和美景，为旅行者提供了全面的参考。,1741955628
74,46,74,,这篇《秦皇岛亲子露营亲子攻略》真是干货满满！文中不仅详细介绍了露营地的选择、必备装备清单，还贴心分享了安全须知和游玩技巧。特别是关于海滩活动的描述，激发了我的兴趣。不过，如果能加入一些亲子互动游戏的建议就更好了，让孩子们也能玩得开心。,1742769061
75,65,75,,这篇游记详细介绍了秦皇岛沙滩露营的点点滴滴，从装备选择到安全提示，每一步都写得生动具体。特别是对于初学者来说，这些经验和建议非常实用。不过，如果能加入一些个人体验和趣事就更好了，这样读起来会更有亲切感。,1741877288
76,12,76,,这篇游记生动地描绘了秦皇岛“天下第一关”的历史底蕴和壮丽风光。作者不仅介绍了山海关的历史沿革，还分享了许多实用的旅行贴士，对于计划前往的朋友非常有帮助。不过，如果能加入更多个人体验或感想，会更吸引其他游客的兴趣哦！,1741891704
77,63,77,,这篇游记生动地描绘了秦皇岛夏日的乐趣，从细腻的沙滩体验到丰富的海滨活动，都让人垂涎欲滴。特别是对于喜欢冲浪和潜水的朋友们来说，文章中推荐的地点尤为实用。,1742457851
78,80,78,,这篇游记深入介绍了秦皇岛丰富的节庆活动文化，从美食节到灯会，每一场活动都展现了当地浓厚的文化氛围。作者细腻地捕捉了每个节日的特色，让人仿佛身临其境。不过，如果能加入一些建议和注意事项，比如最佳旅行时间或交通指南，就更加完美了。,1742616381
79,64,79,,这篇游记详细介绍了秦皇岛鸽子窝的日出美景，图文并茂地展示了壮丽的海景和天空的变换。对于想要早起看日出的旅行者来说，是个很好的参考。,1742154734
80,71,80,,这篇游记生动介绍了秦皇岛鸽子窝公园的独特魅力。文章详细描述了沙滩美景和日落奇观，让人仿佛置身其中。建议可以增加一些关于海鲜美食的信息，这样对喜欢品尝当地风味的游客更有吸引力。总体来说，是一篇很好的旅行指南！,1742046292
81,97,81,,这篇游记生动地描绘了秦皇岛天下第一关的历史文化。作者不仅详细介绍了古老的城楼和精美的石刻，还分享了自己对历史人物的故事解读，让人仿佛穿越时空，亲身体验那段辉煌的过去。,1741607901
82,100,82,,这篇游记详细介绍了探访秦皇岛山海关古道的经历，从历史背景到实地体验，都写得生动有趣。建议可以在文中增加一些实用的地图和照片，更直观地帮助读者规划路线。整体而言，对于喜欢历史文化探索的旅行者来说，这是一篇非常有价值的分享。,1742673211
83,52,83,,这篇《秦皇岛的海上运动海滨体验》真是生动有趣！作者不仅详细描绘了秦皇岛独特的海景风光，还分享了许多刺激又有趣的水上活动。强烈推荐去试试帆板和潜水，体验从海面飞跃与海底世界的独特魅力。,1742847702
84,14,84,,这篇《秦皇岛亲子时光旅行日记》真生动！记录了家庭出游的美好瞬间，特别是对海鲜美食和海景的描写让人心驰神往。建议增加一些互动游戏推荐，会更有助于增强亲子间的乐趣哦。推荐给所有渴望家庭欢聚时光的旅友们！,1742161765
85,24,85,,这篇游记生动地描绘了山海关古城的历史魅力和壮丽景色，让人仿佛亲临其境。作者不仅详细介绍了古建筑的特点，还分享了许多实用的旅行小贴士。不过，如果能加入一些关于季节变化对游览体验影响的描述就更好了，这样更能帮助读者根据自己的行程规划做出选择。,1742027185
86,44,86,,这篇游记生动描绘了秦皇岛渔民文化的独特魅力。作者不仅详细介绍了当地的渔业习俗和传统美食，还分享了与渔民们的亲切互动，让人感受到浓厚的人情味。不过，如果能加入一些关于当地海洋生态保护的信息会更全面，为读者提供更多的环境保护意识。（字数：98）,1742429748
87,26,87,,这篇游记生动描绘了秦皇岛森林公园的美景，美不胜收的自然风光让人流连忘返。建议增加一些实用信息，如最佳游览时间和注意事项，会更有助于其他游客规划行程。期待更多精彩分享！,1742788203
88,18,88,,这篇游记生动描绘了秦皇岛海滨的魅力，让人仿佛置身于金色沙滩和碧海之间。作者分享了丰富的钓鱼经验和美丽的风景照片，给其他旅行者提供了宝贵的参考。不过，如果能加入一些当地特色美食的信息就更完美了，这样读者可以更好地体验当地的风土人情。,1741984665
89,80,89,,这篇游记生动描绘了秦皇岛海滨度假的乐趣。作者详细分享了当地的美景、美食和活动，让人感觉仿佛身临其境。我注意到有些地方可以增加实用信息，比如最佳出行时间和交通指南，这样能帮助更多人计划完美的海滨之旅。总体来说，非常值得一读！,1742024133
90,75,90,,这篇游记生动描绘了秦皇岛碣石山的壮丽景色，让人心驰神往。作者不仅详细记录了登山路线和沿途风景，还分享了许多实用的小贴士，如最佳观景时间和注意事项。对于计划前往的朋友来说，是一份不可多得的旅行指南。,1741687749
91,88,91,,这篇《秦皇岛一日游：体验古城风貌》游记详实生动，让人仿佛身临其境。作者不仅介绍了秦代古城墙的历史背景和独特魅力，还分享了当地的美食与人文风情，为读者提供了宝贵的旅行指南。建议增加一些实用的小贴士，比如最佳游览时间或交通信息，会更加贴心！,1741761788
92,65,92,,这篇游记生动描绘了秦皇岛的秦始皇东巡景点，让人仿佛置身于历史长河中。文中对长城脚下兵马俑的描述尤为精彩，给人留下深刻印象。不过，如果能加入一些当地特色美食介绍就更好了，相信会给读者更丰富的旅行体验。,1742265533
93,31,93,,这篇《秦皇岛烤鱿鱼美食攻略》真是让人垂涎三尺！文中不仅详细介绍了各种烤鱿鱼的做法和推荐店铺，还分享了许多实用的小贴士。对喜欢探索海鲜美食的游客来说是一份难得的好资料。建议增加一些与当地人的交流体验内容，或许会更添一份真实感呢。,1742383347
94,2,94,,这篇《我的秦皇岛自驾体验之旅》游记生动有趣，详细记录了自驾游中的所见所感。作者不仅描述了沿途美丽的风景，还分享了许多实用的旅行建议，如最佳观景点和美食推荐。对于像我这样的旅游爱好者来说，是一篇非常有价值的读物。,1742342768
95,41,95,,这篇《秦皇岛自驾注意事项自驾游攻略》对初次自驾游的朋友非常有帮助。作者详细介绍了沿途风景、推荐路线和避险技巧，让人仿佛身临其境。尤其在安全驾驶方面提出的建议很实用，提醒大家切勿疲劳驾驶。,1742048830
96,6,96,,这篇游记详细介绍了碣石山的美景和特色景点，非常值得一读。作者对每个景点的描述生动有趣，让人仿佛身临其境。不过，如果能加上一些实用的小贴士，比如最佳游览时间或交通信息，相信会对计划前往的朋友更有帮助。,1741684420
97,34,97,,这篇游记生动描绘了秦皇岛渔民文化的独特魅力，让人仿佛亲临其境。作者不仅分享了丰富的历史故事和传统习俗，还详细记录了当地美食体验，令人心向往之。不过，如果能加入一些关于现代渔民生活的介绍会更好，这样能让读者更全面地了解这一文化的整体面貌。,1742831703
98,93,98,,这篇《秦皇岛黄金海岸自驾游攻略》非常实用！作者详细介绍了沿途风景和必去景点，让人仿佛身临其境。不过，如果能加入一些关于停车和美食推荐的信息就更完美了，相信会吸引更多自驾游的朋友哦！,1742836821
99,44,99,,这篇游记生动地描绘了北戴河的迷人海景，让人仿佛置身于那片蔚蓝之中。作者不仅分享了个人感受，还提供了实用的旅行小贴士，如最佳观景点和拍照技巧，对准备前往的朋友非常有帮助。,1742241188
100,7,100,,这篇《秦皇岛的海滨漫步海滨体验》游记生动描绘了秦皇岛海岸线的美丽风光和悠闲氛围。作者不仅详细介绍了当地的特色景点，还分享了许多实用的旅行建议，如最佳观海时间和注意事项。对于喜欢徒步和摄影的游客来说，确实是一个不可多得的好去处。,1742110464
101,18,101,,这篇游记生动地描绘了秦皇岛老龙头的历史和自然风光。作者不仅详细介绍了景点的文化背景，还分享了许多实用的游览技巧。对于喜爱历史文化的旅行者来说，这是一篇不容错过的好文章。不过，如果能加入一些个人体验或感想会更加吸引人呢！,1741906223
102,40,102,,这篇游记生动描绘了秦皇岛山海关古城的独特魅力，让人仿佛身临其境。不仅详细介绍了历史文化背景，还贴心分享了一些实用旅行贴士。建议增加一些关于夜景的描述，相信会给读者带来不一样的体验感受。强烈推荐！,1741855738
103,67,103,,这篇游记生动描绘了秦皇岛的历史韵味。作者不仅详细介绍了古老的城堡和庙宇，还分享了许多实用的小贴士，如最佳游览时间、交通指南等，对于计划探访这座海滨城市的旅行者来说非常有帮助。,1741973728
104,69,104,,这篇游记生动描绘了秦皇岛的海滨风光，让我仿佛置身其中。作者细腻地记录下了海浪拍打岸边的声音和沙滩上留下的足迹，让人感受到漫步海边的乐趣。不过，如果能加入一些关于当地特色海鲜的小贴士就更好了，相信会对其他旅行者有帮助。,1742634078
105,65,105,,这篇游记详细介绍了秦皇岛的各种地道美食，让人垂涎欲滴。除了推荐的餐馆外，我建议还可以尝试在当地的夜市逛一逛，说不定会有更多惊喜发现呢！对于喜爱探索当地文化的旅行者来说，这绝对是一篇不容错过的指南。,1741967962
106,51,106,,这篇游记生动描绘了秦皇岛的美食风情，让人垂涎欲滴。作者不仅详细介绍了海鲜、烧烤等特色美食，还分享了烹饪技巧和食材选择的小贴士，非常适合美食与旅行爱好者参考。不过，如果能增加一些当地特色小吃或饮品的介绍就更完美了！,1741697481
107,63,107,,这篇游记生动描绘了秦皇岛的夏日清凉之旅，从海滨风光到人文历史，应有尽有。作者不仅分享了详细的行程安排，还贴心地提供了美食推荐和避暑小贴士，非常适合计划暑假出行的朋友参考。建议增加一些关于当地特色的海鲜介绍，让读者更深入了解这片美丽的海岸线。,1742811946
108,52,108,,这篇游记生动描绘了秦皇岛湿地的迷人景色和丰富的鸟类生态。作者不仅详细记录了所见所闻，还分享了许多实用的小贴士，如最佳观鸟时间、必备装备等，对于计划前往的朋友非常有帮助。不过，如果能增加一些个人的情感体验或感悟，或许会更吸引读者。,1742102968
109,79,109,,这篇《秦皇岛山海关古道自驾游攻略》真是让人受益匪浅！文中详细介绍了沿途的历史遗迹和美景，路线规划也很合理。不过，要是能增加一些实时交通状况和停车点的信息就更好了，毕竟自驾游中这些细节很关键。强烈推荐给所有喜爱探索历史文化的自驾游爱好者！,1742028571
110,19,110,,这篇游记详细描绘了秦皇岛山海关古城的魅力，让人仿佛身临其境。作者不仅介绍了历史遗迹，还分享了个人体验和小贴士，对爱好历史的游客非常有帮助。不过，如果能加入一些当地特色美食的推荐就更完美了！,1742089273
111,68,111,,读完这篇关于秦皇岛避暑山庄的攻略，感觉非常实用！尤其是对于像我这样的初访者来说，提前了解路线和必打卡景点非常重要。不过，能否多提供一些季节性注意事项？比如夏天防晒措施、冬天防寒建议等，会更有帮助哦。,1741674956
112,78,112,,这篇《秦皇岛的避暑山庄体验》游记真是让人心旷神怡！作者细腻地描绘了避暑山庄的美景和宁静氛围，让人仿佛置身其中。不过，如果能多介绍一些实用信息，比如最佳游览时间或交通指南，那就更完美了。,1742270828
113,52,113,,这篇《秦皇岛海滨乐园亲子攻略》真是干货满满！不仅详细介绍了游玩项目，还贴心地给出了交通和餐饮推荐。对于带娃出游的家庭来说，绝对是一份不可多得的好指南。,1742461048
114,31,114,,这篇《秦皇岛海风吹拂避暑攻略》真是一篇不可多得的好文章！文中不仅详细介绍了秦皇岛的避暑胜地和特色美食，还贴心地提供了交通指南和实用贴士。对于像我这样的旅行者来说，绝对是个宝藏！只是希望作者能增加一些关于夏季防晒措施的小贴士，相信会更完美！,1742278376
115,14,115,,这篇游记详细描绘了从市区到北戴河沿途的风景变化，从山海相依的壮丽景色到滨海小镇的独特风情，让人仿佛身临其境。建议作者可以加入更多关于摄影技巧的小贴士，帮助同行者捕捉那些转瞬即逝的美好瞬间。适合初学者和资深旅行者的参考指南！,1741793569
116,89,116,,这篇《我的秦皇岛海滨漫步之旅》真是让人如沐春风！作者细腻地描绘了秦皇岛的海景，那沙白浪清、蓝天白云的画面仿佛就在眼前。不过，如果能增加一些当地美食的介绍，那就更完美了。期待着下次亲自去体验一番！,1742292265
117,15,117,,这篇游记详细描绘了在秦皇岛亲子露营的美好经历。作者不仅分享了露营的乐趣，还提供了很多实用建议，非常适合初次尝试露营的家庭参考。不过，如果能加入更多关于当地美食的介绍就更好了！这样的细节能让整个旅程更加丰富完整。,1741979568
118,28,118,,这篇游记生动地描绘了秦皇岛秦始皇东巡遗址的魅力。作者不仅详细介绍了历史背景，还分享了亲身体验和美食推荐，让读者仿佛身临其境。建议增加一些关于当地风土人情的描述，相信会更吸引人。非常适合计划前往的朋友参考！,1741698782
119,5,119,,这篇《秦皇岛的游乐场欢乐家庭游》真是让我印象深刻！文中描述了秦皇岛海洋乐园里孩子们尽情玩耍、欢声笑语的画面，让人仿佛身临其境。对于带家人出游的朋友来说，这里确实是个不错的选择。,1742370727
120,6,120,,这篇游记生动地描绘了秦皇岛鸽子窝公园的独特魅力。作者不仅详细介绍了景点的历史背景和风景特色，还分享了许多实用旅行贴士，如最佳观赏时间、拍照技巧等，非常适合打算前往的游客参考。不过，如果能加入一些个人体验感悟或建议，会更加吸引读者哦！,1742528885
121,57,121,,这篇游记生动地描绘了秦皇岛沙滩露营的乐趣，让人仿佛置身于细腻的沙粒和温暖的海风中。作者不仅分享了详细的装备选择建议，还提供了实用的露营地点推荐。不过，如果能加入一些注意事项或安全提示就更完美了，毕竟安全保障是户外活动的重要前提。,1741843346
122,50,122,,这篇游记生动地描绘了秦皇岛自驾游的独特魅力。作者详细记录了沿途风景和心情变化，让人仿佛身临其境。建议可以增加一些实用信息，如推荐的餐饮地点和必去景点，这样对计划前往的朋友更有帮助。总体来说，是一篇值得分享的好文章！,1742249389
123,9,123,,这篇《秦皇岛海鲜大餐美食攻略》真是让人垂涎三尺！攻略详细介绍了各大海鲜餐厅和特色菜品，还贴心地分享了如何避免上当受骗的小技巧。对于喜欢探索美味的旅行者来说绝对是一份宝藏。不过如果能加入一些个人品尝体验或推荐搭配饮品的内容就更好啦！,1742200054
124,63,124,,这篇游记生动地介绍了秦皇岛老龙头景区的独特魅力。作者详细描绘了山海相连的壮观景象，让人仿佛身临其境。不过，如果能增加一些关于最佳游览时间的信息会更好，这样读者就能更好地规划行程，充分体验美景。期待更多精彩分享！,1742256457
125,86,125,,这篇游记生动描绘了秦皇岛老龙头景区的独特魅力。站在海边，感受到海风拂面、涛声轰鸣，真是一种震撼的体验！建议可以在早晨出发，避免人流高峰，还能享受更加宁静的海岸风光。夕阳下的老龙头更是别有一番风味，不妨安排在傍晚造访，定会给你留下难忘记忆。,1742352432
126,93,126,,这篇《秦皇岛海滨漫步海滨攻略》确实为喜爱海滩休闲的朋友们提供了不少实用信息。文中不仅详细介绍了秦皇岛的美景和特色美食，还贴心地分享了一些游玩小贴士，让人感觉如临其境。,1742765707
127,10,127,,这篇游记生动地描绘了秦始皇东巡古迹在秦皇岛的历史氛围。作者不仅详细记录了沿途所见的历史遗迹，还分享了许多实用旅行贴士，如最佳游览时间和交通信息。对于历史和古迹爱好者来说，是一篇不可多得的参考。,1742575070
128,50,128,,这篇《秦皇岛海滨漫步海滨攻略》真是干货满满！攻略详细介绍了秦皇岛的海滩风光、海鲜美食和游玩景点，对于计划前往的朋友非常有帮助。不过，如果能加入一些个人体验分享或者不为人知的小贴士就更完美了。期待作者后续带来更多精彩的旅行记录！,1741820683
129,4,129,,这篇《如何玩转秦皇岛的沙滩露营》游记真是干货满满！作者不仅分享了详细的装备清单，还贴心地介绍了最佳露营地点。对于像我这样的露营新手来说，简直是学习的好资料。不过，如果能增加一些环保提示就更完美了，比如垃圾处理和保护海洋生物的小贴士。,1742139014
130,99,130,,这篇游记生动描绘了秦皇岛的美丽风光和丰富活动。作者不仅分享了详细的行程规划，还贴心地推荐了几处人少景美的海滩，非常适合寻求宁静度假体验的游客。不过，如果能提供更多关于当地美食的信息就更好了，毕竟美食也是旅行中的一大乐趣呢！,1742142685
131,61,131,,这篇游记生动描绘了秦皇岛古迹的魅力，尤其对老城区的历史建筑和传统文化的介绍令人印象深刻。不过，如果能加入更多当地特色美食的信息，想必会给读者带来更丰富的旅行体验分享。对于热爱历史文化探索的朋友来说，这无疑是一篇值得细细品味的好文。,1741802267
132,40,132,,这篇《探秘秦皇岛的老龙头入海历史》真是让我大开眼界！老龙头不仅风景如画，更承载着丰富的历史故事。作者详细描绘了古战场的遗迹和海洋风光，让人仿佛穿越回古代。不过，如果能增加一些当地人文风情的介绍，比如民间传说或居民生活，会更加丰富游记内容。,1742286857
133,60,133,,这篇《秦皇岛游乐场欢乐亲子攻略》真是干货满满！从儿童乐园到海洋馆，攻略详细介绍了各个游乐项目和时间安排，非常适合带小朋友的家庭参考。不过如果能加入一些关于餐饮推荐或者避免人多时段的建议就更好了。期待更多这样的旅行分享！,1742579817
134,97,134,,这篇游记生动地描绘了秦皇岛古城区的历史风貌，让人心生向往。文中提到的老街巷和古建筑保存完好，展现了浓厚的文化底蕴。不过，作者是否能介绍一些具体的体验活动，比如当地特色美食或是非物质文化遗产的现场表演，会更吸引读者呢？,1742838061
135,63,135,,这篇游记生动描绘了秦皇岛海钓的乐趣和海滨风情。作者细腻地捕捉了每一次抛竿、收线间的快感，以及海浪拍打岸边的声响，让人仿佛身临其境。不过，如果能加入一些关于潮汐变化对钓鱼影响的小贴士，相信会对同样热爱垂钓的朋友更加实用。,1741841293
136,44,136,,这篇游记生动描绘了北戴河海滨的美景，让人仿佛置身其中。不过，如果能加入一些当地特色的美食介绍和实用的游玩攻略，那就更完美了！推荐给计划夏日海边度假的朋友。,1742187286
137,73,137,,这篇《秦皇岛沙滩露营海滨攻略》真是干货满满！攻略中详细介绍了露营装备选择、安全须知和活动推荐，对于初次尝试露营的朋友非常友好。不过，如果能加入一些当地海鲜美食的推荐就更好了，这样整个体验会更加完整。强烈推荐大家去试试！,1742045140
138,72,138,,这篇游记生动地记录了全家在秦皇岛动物园的一次愉快探险。作者不仅详细描述了各种动物的生活习性，还分享了许多温馨的家庭互动时刻。建议今后可以增加一些亲子游戏的介绍，让旅程更加丰富多彩，也更有教育意义。非常适合打算带孩子去游玩的家庭参考！,1741935992
139,59,139,,这篇游记非常生动地描绘了秦皇岛海滨乐园的魅力。作者不仅详细介绍了各个游玩项目，还分享了许多实用的小贴士。对于计划带孩子去海边的家庭来说，是一篇很好的参考。不过，如果能增加一些关于最佳出行时间和天气状况的信息就更好了。,1742105165
140,96,140,,这篇游记生动地描绘了秦皇岛段长城的历史风貌和独特魅力。作者不仅分享了丰富的历史文化知识，还提供了实用的旅行建议。对于喜爱探索历史遗迹的游客来说，是一份不可多得的好资料。不过，如果能加入一些个人体验或感想，内容会更加丰富多彩哦！,1741774091
141,56,141,,这篇《秦皇岛日落美景海滨攻略》真是让人眼前一亮！作者详细介绍了最佳观景点和拍照技巧，让初到秦皇岛的游客也能拍出专业级的照片。不过，如果能加入一些当地特色小吃推荐，那就更加完美了。总之，强烈推荐给喜爱摄影与自然风光的旅行者！,1741835152
142,76,142,,这篇游记生动描绘了秦皇岛黄金海岸的美丽风景，沙细浪柔、蓝天白云尽收眼底。但文中对周边餐饮和住宿的信息较少提及，希望作者能补充这方面的内容，方便更多旅行者参考。整体来说，是一篇值得推荐的好文！,1742362556
143,21,143,,这篇游记生动描绘了北戴河的迷人海岸线，让人仿佛置身于那金色沙滩和蔚蓝大海之间。文中建议在清晨或是黄昏时分游览，确实能捕捉到海天一色的最佳景致。不过，如果能增加一些关于当地海鲜推荐的信息就更好了，这将让计划前往的朋友更加心动！,1741815521
144,49,144,,这篇《秦皇岛山海关古道自驾游攻略》详尽实用，特别对于喜欢探索历史遗迹和自然风光的自驾游爱好者来说非常有帮助。文中不仅介绍了沿途的历史故事，还贴心提供了路线规划和注意事项，让人迫不及待想去一探究竟。,1742697297
145,60,145,,这篇游记生动地描绘了在秦皇岛享受夏日清凉的独特方式。作者不仅推荐了美丽的海岸线和美食，还贴心地分享了如何避开人群的小贴士。对于寻找独特假期体验的旅行者来说，这是一份不可多得的好资源。不过，如果能提供更多关于当地住宿选择的信息就更好了！,1742230187
146,63,146,,这篇游记生动地描绘了秦皇岛黄金海岸的壮美景色。蓝天白云下，金色沙滩和碧海相映成趣，让人流连忘返。（个人体验）建议增加一些实用信息，如最佳旅行时间和必备装备，这样对计划前往的朋友更有帮助。（合理化建议）,1741991179
147,34,147,,这篇游记详细介绍了秦皇岛鸽子窝公园的美景和游玩体验，让人感觉仿佛身临其境。特别是日出时分的景色，美得让人心醉。建议可以在文中加入更多关于最佳游览时间以及需要注意的安全事项，这样对打算前去游玩的朋友会更有帮助。期待下次能亲自前往感受这份美好！,1742143163
148,15,148,,这篇游记生动地描绘了秦皇岛森林氧吧的清新与宁静。蓝天白云下，绿意盎然，空气格外清新。作者详细记录了徒步路线、植被种类和沿途见闻，让人仿佛身临其境。建议增加一些关于最佳游览时间和注意事项的信息，会更有帮助。适合喜欢自然风光的朋友们参考！,1742100607
149,28,149,,这篇游记生动描绘了秦皇岛的海滩风光和当地风情，给读者带来了一场视觉盛宴。作者分享了一些实用的旅行贴士，比如避开高峰时段和品尝海鲜的方法，非常值得参考。不过，如果能加入一些个人体验的感受就更完美了，让我们更加身临其境！,1742295545
150,41,150,,这篇游记生动地描绘了秦皇岛夏日的凉爽体验。从细腻的海边风光到清凉的海风，作者分享了许多实用的小贴士，如推荐避暑胜地和美食，为寻找清凉的旅行者提供了宝贵的经验。建议可以加入更多个人感受或特色活动介绍，这样会更加吸引读者。,1742601119
151,61,151,,这篇游记生动描绘了秦皇岛森林公园的美景，让人仿佛置身于绿意盎然的怀抱中。作者详细介绍了各景点特色及游览路线，给读者提供了实用的信息。不过，如果能加入一些个人感悟和体验就更好了，这样更能触动人心。,1741870596
152,19,152,,这篇游记生动描绘了北戴河的壮丽海景，让人仿佛置身海边。作者不仅分享了美景，还贴心地介绍了最佳观赏时间和注意事项，对准备前往的朋友非常有帮助。不过，如果能加入一些个人体验或特色活动推荐就更好了，这样能让读者更直观地感受北戴河的魅力。,1742624717
153,52,153,,这篇游记详细介绍了秦皇岛当地的特色美食，从海鲜到烧烤，再到传统小吃，每一项都让人垂涎三尺。尤其是烤生蚝和驴肉火烧，味道独特，令人难忘。,1742612389
154,15,154,,这篇游记详细介绍了秦皇岛黄金海岸的美景和特色活动，对喜欢海滩度假的人来说非常有参考价值。不过如果能增加一些关于海鲜美食的信息就更好了，这样能让读者更全面地体验当地风情。总体来说是一篇很不错的分享！,1742888920
155,13,155,,读完这篇《秦皇岛的海风吹拂体验》，心旷神怡之感油然而生。作者细腻地描绘了海风的清新与海边的日出美景，让人仿佛身临其境。不过，如果能多介绍一些当地的美食或特色小店，对喜爱探索当地文化的旅行者来说会更有帮助。期待更多这样的游记分享！,1741667802
156,77,156,,这篇游记详细介绍了秦皇岛老龙头景区的特色景点和游玩攻略。作者不仅分享了亲身体验，还提供了实用建议，让人对这个海滨胜地充满了期待。不过，如果能加入一些关于最佳游览时间和天气情况的信息就更好了，这样对计划前往的朋友更有帮助。,1741784393
157,12,157,,这篇《秦皇岛采摘体验亲子攻略》非常实用！不仅详细介绍了当地的水果种类和采摘季节，还贴心地规划了交通路线和注意事项。对于带孩子出游的家庭来说是一份难得的好资源。不过，如果能增加一些关于天气变化的提示就更完美啦！,1742108516
158,12,158,,这篇关于《秦皇岛的碣石山传说历史》的游记让人仿佛穿越回了古代，感受到浓厚的历史氛围。作者不仅描绘了碣石山壮丽的风光，还生动地讲述了当地的传说故事，让这次旅行充满了神秘色彩。,1742781991
159,28,159,,这篇游记生动描绘了秦皇岛的明代遗迹之美。作者不仅详细记录了行程中的所见所感，还深入探讨了这些历史遗址的文化价值和保护意义。,1742368811
160,90,160,,读罢《我的秦皇岛亲子时光之旅》，心中不禁对那片海滨留下了深刻印象。不仅风景美如画，更重要的是亲子间的温馨互动令人动容。建议攻略中可以增加更多关于当地特色美食的信息，让旅程更加完美。,1741904833
161,40,161,,这篇《秦皇岛海鲜大餐美食攻略》真是让人垂涎三尺！作者不仅详细介绍了各种海鲜的特色和烹饪方法，还贴心地分享了性价比高的餐厅推荐。对于喜欢探索美食的旅行者来说，这简直是一份不可多得的宝典。,1742635156
162,11,162,,这篇游记生动描绘了秦皇岛段长城的独特魅力，从沧桑的历史遗迹到壮丽的海景风光，让人仿佛身临其境。建议增加一些实用信息，如最佳游览时间和交通方式，这样对初次前往的朋友更有帮助。总体来说，是一篇值得一读的好文章！,1741865212
163,77,163,,这篇《秦皇岛森林公园风光攻略》游记详细介绍了公园内的美景和活动，非常适合初访者。不过，作者提到的某些小道信息可能不够精准，如果能加入一些官方验证过的路线图就更好了。,1742843370
164,67,164,,这篇游记生动描绘了秦皇岛日落时分的壮丽景色，夕阳洒在海面上金光闪烁，令人心旷神怡。作者分享了详细的路线和拍摄技巧，非常实用。不过，如果能加入一些当地海鲜美食的介绍就更加完美了。对于喜爱自然美景与摄影的朋友来说，这无疑是一篇不可多得的好文。,1742094547
165,81,165,,这篇《秦皇岛一日游：体验老龙头入海》的游记真是生动详实！老龙头的壮丽景色和深厚历史让人印象深刻。建议增加一些实用信息，如最佳游览时间和交通指南，方便更多人计划行程。期待作者未来分享更多精彩旅程！,1742396787
166,79,166,,这篇游记生动描绘了北戴河海滨的魅力。从细腻的文字中，仿佛能感受到海风轻拂、浪花拍岸的清凉。不过，如果能加入一些关于最佳游玩时间和当地特色小吃的信息就更完美了！这份旅行指南对我计划下次度假非常有帮助。,1742799889
167,69,167,,这篇游记对秦皇岛沿海公路的路线规划提供了详细的指导和实用贴士。作者不仅分享了沿途美丽的风景点，还贴心地标注了许多容易忽略的小细节，如最佳观赏时间、停车位置等，让人感觉仿佛亲身参与了一次海边自驾之旅。,1742132515
168,18,168,,这篇游记生动描绘了秦皇岛的一日行程，让人仿佛亲身经历了那里的古城魅力。作者不仅详细介绍了景点，还分享了一些实用的小贴士，非常适合初次来访的朋友参考。不过，如果能加入一些个人体验和感受的描述，内容会更加丰富有趣，更能激发读者的兴趣呢！,1742400445
169,10,169,,这篇游记生动描绘了秦皇岛的古朴风情和秦始皇东巡的历史遗迹。作者不仅详细介绍了景点，还分享了许多实用的旅行贴士，对喜欢历史文化的游客来说非常有参考价值。不过，如果能加入一些个人体验或感想会更加引人入胜。期待看到更多精彩的旅行故事！,1742812906
170,30,170,,这篇《秦皇岛海鲜大餐美食攻略》真是让人垂涎三尺！作者详细介绍了各种海鲜的烹饪方法和必去的餐厅，让准备前往的朋友心中有数。不过，如果能增加一些季节性的食材推荐就更完美了。整体来说，是一篇实用性很强的游记，对喜爱美食的旅行者非常有用！,1741728161
171,74,171,,这篇关于《秦皇岛必吃的海鲜大餐美食》的游记真是让人垂涎三尺！作者详细介绍了几家特色餐馆和几道必尝海鲜菜式，对于喜爱海鲜的食客来说非常有帮助。,1742508250
172,45,172,,这篇《我的秦皇岛自驾体验之旅》游记生动有趣，让人仿佛身临其境。文中不仅详细介绍了沿途风景，还分享了实用的自驾技巧和注意事项，对于计划前往的朋友极具参考价值。不过，如果能加入一些当地特色美食推荐就更好了，这样旅行的幸福感会更强！,1741836703
173,65,173,,这篇游记详细描绘了秦皇岛日出的壮丽景象，让人仿佛置身于海天之间。文中作者对天气变化、观景点选择以及拍摄技巧的分享非常实用，特别是那句“耐心等待总是值得的”，深深触动了我。建议可以增加一些当地美食推荐，让旅行更加完美。期待更多的精彩分享！,1741791568
174,2,174,,这篇游记生动描绘了秦皇岛的采摘乐趣，家庭氛围浓厚，让人感受到亲子时光的美好。建议增加一些关于当地特色水果的信息，以及交通和住宿的推荐，这样更能吸引计划出行的家庭参考。整体来说，是一篇值得一看的分享！,1742728058
175,48,175,,这篇游记生动地展现了秦皇岛的历史韵味。从北戴河到山海关，作者细致入微地描绘了每一个景点的魅力，让读者仿佛身临其境。不过，如果能增加一些当地美食的介绍和推荐，相信会更加吸引食客兼游客的心呢！,1741800298
176,72,176,,这篇游记让人感受到秦皇岛独特的海风清凉。作者详细描述了海边漫步和品尝海鲜的乐趣，让人垂涎欲滴。建议增加一些夏季避暑活动的介绍，如游泳、沙滩排球等，会更有助于读者规划行程。期待更多精彩的分享！,1742569302
177,25,177,,这篇游记详细介绍了秦皇岛品尝螃蟹的绝佳时机和地点，让我对当地海鲜美食垂涎三尺。不过，如果能提供更多关于如何挑选新鲜螃蟹的小贴士就更好了，这样初来乍到的朋友也能享受美味。推荐尝试当地的特色烹饪方式，绝对让你大呼过瘾！,1741723611
178,50,178,,这篇游记生动描绘了秦皇岛海鲜的美味，推荐前往当地市场亲自挑选食材。作者细致入微地介绍了每道菜品的独特风味和烹饪技巧，让人仿佛置身其中，回味无穷。不过，如果能加入一些关于季节性海鲜的选择建议，会更加实用哦！,1742645809
179,25,179,,这篇《秦皇岛一日游：体验长城文化》的游记写得生动有趣。作者不仅详细描述了游览过程中的所见所感，还分享了许多实用的小贴士，如最佳观赏点和拍照技巧等，对准备去长城游玩的朋友非常有帮助。,1742501312
180,88,180,,这篇游记生动描绘了秦皇岛鸽子窝的日出美景，让人仿佛身临其境。文中细腻地捕捉到了海风、霞光与波涛交织的瞬间，为读者提供了一次心灵的洗礼。如果能多加入一些实用的小贴士，比如最佳观赏时间和注意事项，相信会更受旅行者的青睐。,1742463001
181,85,181,,这篇《秦皇岛一日游：体验天下第一关》游记真是令人向往！作者生动描绘了雄关壮美的风景和深厚的历史文化，让人仿佛身临其境。不过，如果能加入一些实用的旅行小贴士就更好啦，比如最佳游览时间或周边美食推荐，这样对计划去的朋友会更有帮助。,1741719140
182,81,182,,这篇《秦皇岛自驾体验旅行日记》真是让人看了心痒痒！作者详实地记录了从城市到海边的每一处风景变化，每一道美食尝试。尤其是夜幕下的北戴河，那些灯光与海浪交织的画面，简直让人心动不已。,1742381298
183,68,183,,这篇《秦皇岛螃蟹盛宴美食攻略》真是让人垂涎三尺！文中详细介绍了多种美味螃蟹的做法和当地特色餐馆，对于喜爱海鲜的旅行者来说非常实用。不过，如果能加入一些关于购买螃蟹的小贴士就更好了，比如如何挑选新鲜螃蟹等。总体而言，是一篇值得推荐的游记。,1742535573
184,93,184,,这篇《秦皇岛凉爽体验避暑攻略》真是实用！不仅详细介绍了当地的避暑胜地和美食推荐，还贴心分享了交通和住宿信息。特别推荐鸽子窝公园的日出和渔岛的海风，让人心动不已。,1742229473
185,27,185,,这篇游记生动描绘了秦皇岛古城的独特魅力。漫步在古街巷中，仿佛穿越回那个烽火连天的时代，让人深刻感受到历史的厚重。建议作者可以增加一些当地美食推荐，为读者提供更全面的旅行指南。期待更多这样的文化之旅分享！,1742830944
186,20,186,,这篇游记详细介绍了碣石山的美景和特色活动，非常值得一读！文中提到的“看海听涛”体验确实令人向往。不过，对于想要更深入了解当地文化的游客，能否推荐一些周边的文化遗产或特色小店呢？这会让人更加全方位地感受这个地区的魅力。,1741993521
187,28,187,,这篇《秦皇岛渔岛美景风光攻略》真是干货满满！作者不仅详细介绍了渔岛的美丽风光和特色活动，还贴心地提供了交通路线、最佳游览时间等实用信息。对于喜欢探索自然风景的旅行者来说，这是一份不可多得的好资料。,1742835379
188,72,188,,这篇游记生动地描绘了秦皇岛老龙头的历史文化和壮丽景色。作者不仅详细介绍了这里的建筑特色和海洋风光，还分享了许多实用的游览建议，如最佳观赏时间和交通指南，让读者仿佛身临其境。对于喜爱历史文化与自然景观相结合的旅游者来说，是一篇不可多得的好文。,1741718691
189,78,189,,这篇游记详细介绍了秦皇岛的海鲜市场美食，让我对当地美食充满期待。作者不仅分享了各种海鲜的做法和味道，还贴心地给出了购买和食用的小贴士。对于喜爱尝试新鲜海味的旅行者来说，非常实用！建议加入一些当地人推荐的特色菜，这样会更有本地风情哦。,1742322699
190,67,190,,这篇《秦皇岛一日游：体验文化遗产》游记生动有趣，详细记录了作者在秦皇岛的一天行程。从历史古迹到现代建筑，作者对每个景点都做了深入细致的探索，并分享了许多实用建议和小贴士，非常适合准备去秦皇岛旅游的朋友参考。,1742548141
191,100,191,,这篇游记生动描绘了秦皇岛独特的海滨风光和丰富的海上运动项目。作者分享了自己亲身体验冲浪、帆船等项目的乐趣，还详细介绍了当地特色海鲜美食，让人垂涎欲滴。不过，如果能增加一些关于最佳旅行时间和天气条件的信息就更完美了！,1742551640
192,82,192,,这篇游记生动地描绘了秦皇岛海胆炒饭的独特风味，让人垂涎欲滴。建议作者多分享一些挑选新鲜海胆的小贴士和烹饪技巧，这样能帮助其他旅行者更好地体验这一美食。期待下次能看到更多关于秦皇岛的地道美食探索！,1742475898
193,73,193,,这篇游记详细介绍了在秦皇岛度夏凉快假期的方法。作者分享了多个实用建议，如选择海边散步、品尝海鲜等，让人感觉仿佛亲身经历一般。特别推荐尝试当地特色美食，体验自然风光与城市文化相结合的完美假日。,1741953522
194,85,194,,这篇游记详细介绍了秦皇岛的明代遗迹，让人仿佛穿越时空，感受到那段辉煌的历史。文章不仅文字生动，还配有精美的图片，让人身临其境。对于计划前往的朋友，可以提前了解一下相关背景知识，更有利于理解和欣赏这些历史遗存的独特魅力。,1741679173
195,20,195,,这篇《秦皇岛山海关古道自驾体验》真是让人耳目一新！作者详细记录了沿途的历史遗迹和自然风光，让人仿佛亲身经历了那段历史。建议增加一些实用路线规划和注意事项，会更方便自助游的朋友参考哦。强烈推荐给喜欢探索历史文化与自然美景的旅行者们！,1742824172
196,45,196,,这篇游记生动描绘了秦皇岛古迹的魅力。作者不仅详细介绍了历史背景，还分享了许多实用的旅行贴士，让读者仿佛身临其境。建议增加一些个人体验感悟，这样更能激发其他游客的兴趣和共鸣。期待更多精彩分享！,1742795716
197,33,197,,这篇《秦皇岛停车指南自驾游攻略》非常实用！作者详细介绍了各个景点附近的停车场信息，特别是对喜欢摄影和海滩风光的游客来说很贴心。不过，考虑到节假日可能会出现停车位紧张的情况，建议多关注一下实时的停车情况，或者提前在线预订车位。,1742390405
198,41,198,,这篇游记生动描绘了秦皇岛夏日的乐趣，从细腻的海滩风光到丰富的户外活动，让人仿佛置身其中。不过，文中提及的海鲜餐厅推荐是否还有更新更地道的选择值得探索？期待更多关于当地特色和隐藏美景的分享！适合计划夏季海滨之旅的朋友参考。,1741980808
199,47,199,,这篇游记生动描绘了秦皇岛沿海公路的美景和自驾的乐趣。海岸线绵延不绝，海风轻拂，让人心旷神怡。作者建议驾驶SUV以应对复杂路况，不失为明智之选。我推荐大家选择清晨或傍晚出行，享受更加宁静迷人的海岸风光。不过，也提醒游客注意保护环境，文明旅游。,1742423724
200,20,200,,这篇游记生动地描绘了秦皇岛的迷人风光，特别是秦始皇的历史遗迹令人印象深刻。对于历史爱好者和自然探索者来说，这里绝对值得一游。不过，文中提到的部分景点开放时间不详，希望作者能补充相关信息，帮助其他游客更好地规划行程。,1742606455
201,20,37,37.0,这篇《秦皇岛当地小吃美食攻略》真是让我大开眼界！作者不仅详细介绍了各种特色美食，还分享了许多实用的就餐小贴士。对于像我这样的吃货来说，这绝对是一份宝贵的旅行指南。不过，如果能加入一些个人体验感言就更好了，这样读者更能感同身受。,1742776869
202,66,79,,这篇《秦皇岛鸽子窝日出风光攻略》非常详实，为喜欢摄影和追求美景的旅行者提供了极大的帮助。作者不仅分享了最佳观景时间、天气条件，还贴心地推荐了几处拍摄点，让人仿佛身临其境。,1742608161
203,92,149,,这篇游记生动地描绘了秦皇岛的海滩美景和海鲜美食，让人心生向往。不过，作者没有提到当地的夜生活，对于喜欢探索城市夜景的旅行者来说，这方面的信息会更有帮助。总体而言，是一篇值得推荐的好文！,1742646655
204,60,143,,这篇游记生动描绘了北戴河的海景魅力，让人仿佛置身于细腻绵延的金色沙滩和碧蓝的大海之间。不过，作者提到的最佳观景点在黄昏时刻人满为患，建议可以尝试清晨或傍晚时分前往，这样既能避开人群，又能享受更为宁静美丽的海岸线景色。,1742538208
205,3,99,99.0,这篇游记生动描绘了北戴河的壮丽海景，让人仿佛置身海边。作者不仅分享了拍摄角度和技巧，还提供了实用的小贴士，比如最佳观景点和潮汐时间，非常适合初访北戴河的朋友参考。建议增加一些当地风土人情的介绍，会让游记更丰富有趣！,1742727453
206,27,94,,这篇《我的秦皇岛自驾体验之旅》游记非常生动有趣，让人仿佛亲身感受到了海边的清新空气和独特的风景。作者详细分享了自驾路线和沿途见闻，给其他旅行者提供了宝贵的参考。不过，如果能加入一些关于当地美食的小贴士就更好了！这样的细节能够让旅程更加完美。,1742275560
207,27,187,,这篇游记生动地描绘了秦皇岛渔岛的美丽景色，给我留下了深刻印象。作者详细介绍了景点特色和游玩路线，对于准备前往的朋友非常有帮助。不过如果能增加一些关于最佳观赏时间和当地风俗习惯的信息就更好了。期待更多精彩的旅行分享！,1741880572
208,5,70,70.0,这篇《秦皇岛海滨度假避暑攻略》确实为计划暑期旅行的朋友提供了不少实用信息。攻略中不仅详细介绍了当地的热门景点和特色美食，还贴心地提醒了游客需要注意的事项，如防晒、防蚊等小贴士。,1742285308
209,2,93,,这篇《秦皇岛烤鱿鱼美食攻略》详实有趣，不仅能让人一睹秦皇岛的海鲜风采，还能学到不少烤制技巧。不过，希望作者能增加一些关于购买食材地点的信息，这样初来乍到的朋友也能轻松品尝到地道美味。强烈推荐！,1742875146
210,51,151,,这篇游记生动描绘了秦皇岛森林公园的秀美景色，让人仿佛置身其中。作者详细介绍了不同季节的美丽风光和徒步路线，为游客提供了实用的信息。不过，如果能结合一些植物科普知识，会更加丰富内容，帮助游客更好地理解自然之美。期待更多这样的分享！,1742870022
211,10,111,111.0,读了这篇《秦皇岛避暑山庄避暑攻略》，真是受益匪浅！攻略中详细介绍了避暑山庄的历史文化、景点分布和游玩路线，非常适合初来乍到的朋友。不过，如果能加入一些关于最佳游览时间及穿着建议的内容就更完美了。期待下次去时能有更多实用信息参考。加油！,1742187046
212,59,151,151.0,这篇游记不仅详细介绍了秦皇岛森林公园的美丽景色和丰富植物种类，还分享了一些实用的游览技巧。对于准备前往的朋友来说，是一份非常有用的指南。不过，如果能加入一些个人体验或者特定季节的独特风景描述，会更加吸引人哦！,1741720349
213,44,77,77.0,这篇游记生动描绘了秦皇岛夏日的乐趣，让人仿佛置身于海边，感受到海风拂面和沙滩上的欢声笑语。推荐尝试当地特色美食，如海鲜烧烤，别有一番风味。此外，夜游山海关古城也很有看点，建议安排在行程中。整体来说，这是一篇值得参考的旅行指南！,1741755759
214,36,62,62.0,这篇游记生动地描绘了秦皇岛老龙头景区的魅力。从关城的历史厚重感，到海岸线的壮丽风光，作者细腻地捕捉到了每一个令人难忘的瞬间。建议加入一些关于最佳游览时间和天气状况的信息，这样对计划前往的朋友会更有帮助。总体来说，这是一篇值得推荐的好游记！,1742346915
215,56,138,138.0,这篇《秦皇岛的动物园探秘家庭游》真是图文并茂！动物园里小动物们活泼可爱，孩子们玩得不亦乐乎。不过，希望园区能增加更多互动环节，比如喂食体验等，让亲子互动更丰富。适合所有年龄段的家庭游玩，强烈推荐！,1742764000
216,1,121,121.0,这篇游记生动地描绘了秦皇岛沙滩露营的乐趣，从装备准备到夜幕下的篝火晚会，每一步都写得详尽而有趣。不过，如果能提供一些关于潮汐时间表的提示就更好了，这样初学者可以更好地规划活动避免危险。整体而言，强烈推荐给喜欢户外探险的朋友！,1742809176
217,40,169,169.0,这篇游记生动地描绘了秦皇岛的古韵风情。作者不仅详细介绍了秦始皇东巡的历史背景，还分享了许多游览景点的心得体会。文中对山海关的雄伟和老龙头的壮观描写尤为精彩，让人仿佛身临其境。,1741952248
218,47,171,171.0,这篇游记详细介绍了秦皇岛的各种海鲜佳肴，让人垂涎欲滴。文章不仅分享了美味的食谱，还贴心地推荐了几家口碑极好的餐厅。不过，如果能增加一些个人体验或者与其他地方海鲜对比的小贴士，那就更完美了。非常适合计划探访秦皇岛的朋友参考！,1742692059
219,2,160,160.0,这篇游记生动地描绘了秦皇岛亲子旅行的美好时光，不仅详细介绍了景点和美食，还分享了许多实用的小贴士。对于寻求家庭出游灵感的朋友们来说，这真是一篇不可多得的好文！不过，如果有更多关于儿童友好的活动推荐就更好了。,1742183552
220,52,199,199.0,这篇游记生动描绘了秦皇岛沿海公路的美景和自驾的乐趣。海岸线的风光令人流连忘返，但要注意潮汐时间，以免发生危险。同时，提前规划路线并携带足够的水和食物也很重要。期待更多这样的分享！,1742208724
221,80,89,89.0,这篇游记生动描绘了秦皇岛海滨度假的独特魅力。作者不仅详细记录了海滩上的欢愉时光，还分享了许多实用的小贴士，如选择最佳时间去沙滩和品尝当地美食的推荐地点。对于计划前往的朋友来说，是一份非常宝贵的参考指南。,1742632068
222,10,86,86.0,这篇游记生动地描绘了秦皇岛渔民文化的独特魅力。作者不仅详细介绍了当地的海产品美食，还深入分享了渔民的生活习俗和传统节庆活动，让人仿佛身临其境。,1742470250
223,13,199,,这篇《秦皇岛沿海公路自驾体验》游记生动描绘了沿途的美景和独特的海风味道。作者推荐的路线非常值得尝试，特别是日落时分，海天一色，美不胜收。,1741869244
224,3,57,,这篇游记生动地描绘了秦皇岛的自驾之旅，让人仿佛置身于那美丽的海岸线和雄伟的山峦之间。作者对沿途风景的细腻描写和对当地人文风情的介绍，都让人印象深刻。,1742863024
225,18,5,5.0,这篇游记详细介绍了秦皇岛的各种海上运动项目和体验方法。作者不仅分享了自己参与帆船、冲浪等项目的经历，还贴心地给出了装备选择和安全须知的建议。对于初次尝试这些活动的朋友来说非常有参考价值。,1742294199
226,57,178,,这篇游记生动描绘了秦皇岛的海鲜盛宴，让人垂涎欲滴。建议作者增加一些当地海鲜的历史和文化背景介绍，让读者不仅能品尝美食，还能深入了解地方风情。期待更多这样的美味探索之旅！,1742047482
227,73,106,,这篇游记生动地描绘了秦皇岛的独特魅力，从海鲜美食到古城风光，每一处都充满了惊喜。文中推荐的几家餐厅也让人垂涎欲滴，强烈建议亲身体验一下烤鱼和海鲜大餐。不过，如果能多介绍一些当地的特色小吃和小众景点，那就更完美了！,1742472626
228,88,148,148.0,这篇游记生动描绘了秦皇岛市内一片隐藏的绿肺——森林氧吧的独特魅力。作者详细分享了漫步林间的小径、呼吸清新的空气以及享受大自然宁静时光的美好体验，给读者带来身临其境之感。,1741708393
229,91,18,,这篇游记生动地描绘了秦皇岛一日游中的军事历史探索之旅。作者不仅详细记录了参观北戴河海军博物馆的经历，还分享了亲身体验老炮台的感慨，让人仿佛置身于那段峥嵘岁月之中。,1741607109
230,55,79,79.0,这篇《秦皇岛鸽子窝日出风光攻略》真是干货满满！文中不仅详细介绍了最佳观景时间和路线规划，还贴心分享了拍摄技巧和注意事项。对于摄影新手来说，是个很好的学习资源。唯一的小建议是，能否增加一些关于住宿推荐的内容？这样计划出行会更加方便哦！,1742497167
231,44,102,102.0,这篇游记详细介绍了山海关古城的历史和美景，让人仿佛身临其境。文中提到的关隘、古建筑和海景都描绘得非常生动。不过，如果能加入一些个人体验或者实用的小贴士就更好了，比如最佳游览时间或注意事项，这样对想要亲自走访的朋友会有很大帮助。,1742518477
232,34,22,22.0,这篇《秦皇岛渔岛美景风光攻略》非常实用！作者详细介绍了渔岛的特色景点和游玩路线，特别是对海鲜餐厅推荐令人垂涎。不过，如果能加入一些季节性活动介绍就更好了，这样可以根据不同的旅行时间做出更精准的选择。强烈推荐给计划前往的朋友！,1742664382
233,71,167,,这篇游记为我描绘了秦皇岛沿海公路的美丽风光，尤其是那绵延不绝的海岸线和随风摇曳的松树，让人仿佛身临其境。不过，如果能结合一些具体的导航信息或加油站、观景点推荐，那就更完美了！这样的补充对计划自驾游的朋友非常有帮助。,1741775407
234,22,170,170.0,这篇《秦皇岛海鲜大餐美食攻略》确实为热爱美食和旅行的朋友提供了宝贵的参考。文中详细介绍了各种新鲜美味的海鲜菜品及其烹饪方法，让人口水直流。,1741712080
235,73,25,25.0,这篇游记生动地介绍了秦皇岛当地的特色小吃，从酸甜可口的炸糕到香辣鲜美的烤鱼，每一种美食都让人垂涎欲滴。作者不仅详细描述了食材和制作过程，还分享了与当地人的交流经历，增加了旅行的真实感。,1742843821
236,20,33,,这篇《秦皇岛沙滩玩耍亲子攻略》确实为带孩子出游提供了不少实用建议。文中推荐的沙雕艺术节和海洋馆非常吸引人，特别是对孩子来说是一次生动有趣的科普之旅。不过，如果能加入一些关于海滩安全的小贴士会更好，比如防晒和溺水预防措施，这样更加周到全面。,1741912369
237,93,88,88.0,这篇《秦皇岛海钓乐趣海滨攻略》真的写得很详实！不仅介绍了海钓的乐趣和技巧，还详细规划了行程和推荐了当地美食。对于像我这样的初学者来说非常有帮助。不过如果能增加一些安全提示就更好了，毕竟海洋变幻莫测嘛。强烈推荐给喜欢户外活动的朋友们！,1742535869
238,13,177,,这篇游记生动描绘了秦皇岛螃蟹宴的美味，让人垂涎欲滴。作者详细介绍了从选蟹到烹调的各种技巧，让读者仿佛亲临其境。不过，如果能加入一些关于当地特色蟹种的小知识就更好了，这样不仅能增加文章的专业性，也能帮助游客更好地了解和品尝这些独特的海味。,1741738197
239,88,80,80.0,这篇游记生动描绘了秦皇岛鸽子窝公园的美景，让人仿佛置身于海边的浪漫之中。除了赞叹这里的日出和海景外，作者还提到了一些实用的游览建议，非常适合准备前往的朋友参考。不过如果能加入一些关于最佳拍照时间和地点的小贴士就更完美了！,1741836133
240,75,161,,这篇《秦皇岛海鲜大餐美食攻略》真是干货满满！不仅详细介绍了当地的特色海鲜种类，还贴心地推荐了多家口碑极佳的餐厅。对于喜爱海鲜的旅行者来说，绝对是一份不可多得的好指南。不过如果能增加一些价格信息和预订小贴士就更完美了！,1742353800
241,30,152,,这篇游记生动描绘了北戴河海景的魅力。作者不仅详细记录了每处景点的独特风光，还分享了许多实用的小贴士，比如最佳观景时间、拍照技巧等，非常适合初访北戴河的旅行者参考。建议在文中加入更多个人体验和感受，让读者更能感同身受。,1741845189
242,44,79,79.0,这篇《秦皇岛鸽子窝日出风光攻略》真是让我大开眼界！文中的美景描写细腻生动，仿佛将我带到了那片沙滩之上。作者不仅分享了最佳观赏时间、拍摄技巧，还贴心提供了交通信息和注意事项。对于像我这样的旅游爱好者来说，这简直就是一份完美的旅行指南。,1742679004
243,76,85,,这篇游记生动描绘了山海关古城的魅力。作者不仅详细介绍了历史背景和文化特色，还分享了许多实用旅行贴士，非常适合初访秦皇岛的朋友参考。不过，如果能加入一些个人体验或情感描述会更加吸引人，让读者更能感同身受。期待下一次更精彩的内容！,1742576173
244,7,54,,这篇游记详细描绘了秦皇岛海滨乐园的无限魅力，让人仿佛置身于海风轻拂、沙粒细腻的场景中。作者不仅分享了丰富的游玩体验，还贴心提供了交通和餐饮推荐，非常适合初访者参考。,1741938787
245,78,65,65.0,读了这篇《秦皇岛湿地观鸟风光攻略》，收获颇丰！文中不仅详细介绍了秦皇岛湿地的美丽风景和丰富的鸟类资源，还分享了许多实用的观鸟技巧。对于喜爱鸟类和自然风光的旅行者来说，这是一份不可多得的宝典。,1742143912
246,50,87,,这篇游记生动描绘了秦皇岛森林公园的美丽景色。秋日的红叶和清新的空气令人陶醉，但记得提前了解开放时间和门票信息会更方便哦！如果你对户外活动感兴趣，可以考虑租一辆自行车，享受更多探索的乐趣。希望这篇游记能为你的旅行提供灵感！,1742261187
247,31,187,,这篇《秦皇岛渔岛美景风光攻略》真是一篇不可多得的好文章！作者不仅详尽地介绍了渔岛的自然景观和人文风情，还贴心提供了实用的旅行建议。对于像我这样的旅游爱好者来说，这不仅是一份攻略，更是一张通往美丽渔岛的地图。,1742476003
248,41,54,244.0,这篇游记详细记录了作者在秦皇岛的欢乐时光，尤其是海滨乐园的部分让人印象深刻。沙滩上的亲子活动和水上娱乐项目都极具趣味性，非常适合家庭出游。不过，如果能提前了解一些门票优惠政策，或许可以更好地规划行程，节省开支。,1742713814
249,29,149,149.0,这篇游记生动描绘了秦皇岛的海滨风光和夏日乐趣，非常推荐给渴望亲近海洋的旅行者。不过，如果能加入一些关于海鲜美食的信息就更完美了，相信会给计划度假的朋友提供更多灵感！,1742081031
250,49,125,125.0,这篇《秦皇岛一日游：体验老龙头入海》的游记生动地描绘了老龙头的壮丽景色和历史底蕴。作者不仅分享了美丽的风景照片，还详细介绍了沿途的历史文化，让人仿佛身临其境。,1741888788
251,77,99,,这篇游记生动描绘了北戴河海景的独特魅力，从细腻的日出到壮阔的日落，每一幕都让人赞叹不已。作者不仅分享了自己的美好体验，还贴心地提供了交通和住宿的实用建议，非常适合计划前往的朋友参考。不过，如果能加入一些当地特色小吃推荐就更完美了！,1741829187
252,12,138,,这篇游记生动描绘了秦皇岛动物园的家庭之旅，让人仿佛身临其境。不仅记录了动物们的可爱瞬间，还分享了许多实用的游玩技巧和注意事项。建议可以在游记中加入更多关于动物保护的知识，这样不仅能丰富内容，还能增强游客的责任感和环保意识。（字数：103）,1742541251
253,9,180,180.0,这篇游记生动描绘了秦皇岛鸽子窝的日出美景，令人仿佛身临其境。作者不仅记录下了壮丽的日出景色，还分享了许多实用的旅行贴士，对于计划前往的朋友非常有帮助。不过，如果能加入一些当地特色美食的推荐就更完美了！,1742169640
254,33,53,53.0,这篇《秦皇岛凉爽体验避暑攻略》确实很贴心！文中详细介绍了秦皇岛的海滩风光、海鲜美食和清凉夜市，让人仿佛身临其境。不过，如果能加入一些关于最佳出行时间和当地交通的信息就更好了，这样对计划暑期出游的朋友更有帮助。,1741812736
255,62,84,,《秦皇岛亲子时光旅行日记》真是温馨又实用！记录了全家人的欢笑和成长，让人羡慕。建议可以增加一些当地美食推荐和亲子互动游戏的玩法，这样能更好地帮助其他家庭规划行程。期待作者分享更多美好回忆！,1742639535
256,97,80,239.0,这篇游记生动描绘了秦皇岛鸽子窝公园的美丽风光，让人仿佛置身海边，感受到了海风的轻拂和鸥鸟的鸣叫。不过，如果能介绍一些具体的游览路线和注意事项，相信会更方便其他游客规划行程。期待更多精彩的旅行分享！,1742276323
257,61,121,,这篇游记详细介绍了秦皇岛沙滩露营的各种玩法和技巧，对于初次尝试露营的朋友非常有帮助。不过，如果能加入一些关于选择装备和天气预报的建议就更好了。总体来说，作者的热情和经验让人感到受益匪浅！适合热爱自然、追求户外乐趣的旅行者参考。,1742717078
258,49,167,233.0,这篇游记详细描绘了秦皇岛沿海公路的美景与风情，让人仿佛身临其境。作者不仅分享了沿途的风光，还贴心地提供了实用的行车建议和注意事项，对于计划自驾游的朋友非常有帮助。不过，如果能增加一些对当地特色美食或文化介绍会更好，让旅程更加丰富多彩！,1741955252
259,38,151,212.0,这篇游记生动描绘了秦皇岛森林公园的美景，让人仿佛身临其境。作者不仅介绍了各种植物和景点，还分享了如何更好地欣赏自然风光的技巧，非常实用。对于想要亲近自然、寻找心灵慰藉的朋友来说，是一篇不可多得的好文。,1741829117
260,8,93,93.0,这篇《秦皇岛烤鱿鱼美食攻略》真是让人垂涎三尺！文中详细介绍了几家口碑极佳的烤鱿鱼店，每一家都有独特的风味和制作手法。对于喜爱海鲜的旅行者来说，这篇攻略绝对值得一读再读。不过，如果能增加一些价格信息和营业时间，那就更完美了！,1742524829
261,24,125,250.0,这篇游记生动描绘了秦皇岛老龙头景区的独特魅力。作者从海边入海长城的壮丽景观出发，带我们领略了历史的沧桑与现代的活力交织之美。不过，文中提到部分设施需改进以提升游客体验，比如增加更多指示标识和改善休息区环境。,1742462157
262,10,121,216.0,这篇游记详细介绍了秦皇岛的沙滩露营攻略，从装备准备到安全须知一应俱全。作者不仅分享了个人经历，还贴心地给出了不少实用小贴士，让初次尝试的朋友也能轻松上手。不过，如果能加入一些当地特色小吃或活动推荐就更完美了，毕竟这是丰富旅行体验的好方式嘛！,1742411514
263,85,67,,这篇游记生动描绘了秦皇岛游乐场的家庭游玩体验。从亲子互动到刺激游玩项目，作者细腻地捕捉到了每一个欢乐瞬间。不过，如果能结合一些实用的行程规划建议和注意事项，会更有帮助。期待更多分享！,1742813667
264,19,86,,这篇游记生动描绘了秦皇岛渔民的文化魅力，让人仿佛置身于海风中。作者不仅细腻地捕捉到了渔村的生活气息，还深入介绍了当地丰富的海洋文化。建议可以加入一些当地的特色美食推荐，相信会给读者带来更全面的旅行体验。总的来说，这是一篇值得一读的好文章！,1741719459
265,3,196,196.0,这篇游记详细介绍了秦皇岛的古城风貌，不仅勾勒了历史的轮廓，还生动描绘了古迹的魅力。文中提到的每一道城墙、每一个文物都仿佛被赋予了生命，让人感受到浓厚的历史气息。,1742786222
266,73,137,137.0,这篇《秦皇岛沙滩露营海滨攻略》真是让人眼前一亮！攻略详细介绍了如何在海风中享受露营的乐趣，特别推荐的扎营位置和避暑技巧让人心生向往。不过，如果能加入一些关于潮汐时间和海滩安全提示的内容就更完美了，这样不仅增加了安全性，也让计划更加周全。,1741810298
267,82,62,,这篇游记生动地描绘了老龙头景区的历史风貌和自然美景，让人仿佛亲临其境。建议作者可以加入更多个人体验分享，如拍照技巧或是休息点推荐，这样更便于其他旅行者参考。整体来说是一篇值得一看的优秀游记！,1742575095
268,47,16,16.0,这篇《秦皇岛沙滩玩耍亲子攻略》确实详细且实用！对于带孩子出行的家庭来说，提供了很多贴心的小贴士。不过，如果能增加一些关于海滩安全提示和急救知识的内容就更好了，这样家长在游玩时会更加安心。整体而言，是一篇值得推荐的游记！,1742658208
269,53,186,186.0,这篇游记生动描绘了碣石山的壮丽风光和深厚文化底蕴。作者对沿途风景的细腻描写让人仿佛身临其境，特别是对于栈道奇观的描述尤为精彩，让人赞叹不已。,1742251009
270,53,120,,这篇游记生动描绘了秦皇岛鸽子窝公园的美景，尤其是日落时分的海天一色令人难忘。文中建议游客不妨清晨来此看日出，或许会有不一样的惊喜。对于喜欢摄影的朋友来说，这里绝对是个好去处。推荐大家跟随作者的脚步，亲自探索这片美丽的海岸风光。（95字）,1742279846
271,80,12,,这篇游记生动描绘了秦皇岛海边的美景，分享了许多实用的摄影技巧。作者不仅记录了拍摄地点和时间的选择，还贴心地提供了后期处理的小贴士，对摄影初学者非常有帮助。不过，如果能加入一些个人情感的表达会更添色彩，让读者更能感受到那份海滨的独特魅力。,1741599897
272,58,41,41.0,这篇游记生动描绘了秦皇岛海滨的美景和悠闲时光，让人仿佛身临其境。文中对海浪拍打岩石的声音、沙滩细腻的感觉描写得尤为传神，给读者留下了深刻印象。不过，如果能加入一些关于当地海鲜美食的信息就更完美了，这对于喜爱美食的旅行者来说是一大吸引力。,1742648847
273,13,200,200.0,这篇游记生动地描绘了秦皇岛的历史氛围和人文景观，特别是对秦始皇东巡遗迹的介绍让人印象深刻。作者细致入微的观察和丰富的历史知识让读者仿佛亲身经历了那段波澜壮阔的历史。,1741748715
274,68,160,160.0,这篇《我的秦皇岛亲子时光之旅》真是让人向往！作者详细记录了家庭出游的乐趣，从美丽的海滨风光到有趣的亲子互动游戏，每一处都充满温馨和快乐。,1742867189
275,47,126,126.0,这篇《秦皇岛海滨漫步海滨攻略》确实为计划海边休闲度假的人提供了很多实用信息。文中详细介绍了秦皇岛的海滩风光、海鲜美食以及夜间活动，让人仿佛身临其境。不过，如果能加入一些关于当地特色文化和历史的介绍会更好，这样能让旅行更加丰富多彩。,1742750429
276,76,69,,这篇《秦皇岛烤鱿鱼美食攻略》详细介绍了当地特色小吃，让食客们对烤鱿鱼有了全方位的认识。作者不仅分享了制作方法，还贴心地推荐了几家口碑极佳的店铺。不过，如果能增加一些价格信息和营业时间，就更完美了。非常适合即将踏上旅行之旅的朋友参考！,1741991669
277,86,147,,这篇游记详细介绍了秦皇岛鸽子窝公园的美景和游玩体验。作者不仅捕捉了海滩日落的壮丽景色，还分享了许多实用的游览贴士，如最佳观景点和非高峰时间出行建议，对计划前往的朋友非常有帮助。,1741756550
278,9,119,119.0,这篇游记生动描绘了秦皇岛游乐场的欢愉时光。作者不仅详细分享了各个游乐设施的乐趣，还贴心地给出了亲子互动的小贴士，非常适合家庭出游参考。不过，如果能增加一些对周边美食和住宿的介绍就更加完美啦！,1742154097
279,8,106,,这篇游记生动地描绘了秦皇岛的美食风情，让人口水直流。作者不仅介绍了传统的海鲜大餐，还推荐了一些地道的小吃摊位，令人印象深刻。不过，如果能分享一些实用的交通和预订攻略会更好，帮助更多的旅行者轻松享受美食之旅。,1742323752
280,10,122,122.0,这篇游记生动地记录了作者在秦皇岛的自驾经历，从海边的日出到山间的清风，每一个细节都让人仿佛身临其境。建议加入一些实用的小贴士，比如最佳观景点推荐和路线规划，这样对计划类似行程的朋友会有更大帮助。整体来说，是一篇值得分享的好文章！,1742582058
281,72,163,163.0,这篇《秦皇岛森林公园风光攻略》真不错！图文并茂地展示了森林的美丽景色和丰富的野生动植物资源。不过如果有更多关于徒步路线和野餐地点的推荐就更好了，这样我们就能更好地规划行程啦！强烈推荐给喜欢自然风光的旅行者。,1742741029
282,26,101,,这篇游记生动描绘了老龙头景区的独特魅力。不仅让我了解了丰富的历史背景，还感受到了秦皇岛海滨文化的独特韵味。建议增加一些关于如何避开人流高峰的实用建议，以及哪些景点特别推荐体验的细节描述，这样对打算前往的朋友会更有帮助。,1742157085
283,34,83,83.0,这篇游记生动描绘了秦皇岛独特的海滨风光和丰富的海上活动。不仅详细介绍了冲浪、帆板等项目，还分享了当地美食和文化体验，为寻求刺激的旅行者提供了宝贵建议。不过，如果能加入一些个人经历或趣事，内容会更加吸引人。,1742356940
284,28,118,118.0,这篇游记生动地描绘了秦皇岛秦始皇东巡文化的魅力。作者不仅详细介绍了景点的历史背景，还分享了许多实用旅行小贴士，让人仿佛身临其境。建议增加一些个人体验和感受的描述，这样能更好地引起读者共鸣。整体来说，是一篇值得推荐的旅游攻略！,1742652109
285,38,41,272.0,这篇游记真是让人如临其境！作者生动描绘了秦皇岛海滨的独特魅力，从细腻的沙滩到辽阔的大海，每一处景色都令人心旷神怡。不过，如果能多分享些当地美食和人文故事就更好了，相信会给读者更多的惊喜和灵感。强烈推荐给正在计划海边旅行的朋友！,1742176946
286,19,101,,这篇游记详细描绘了秦皇岛老龙头景区的独特魅力。文章不仅介绍了历史背景和建筑特色，还分享了一些实用旅行贴士，非常值得参考。不过，如果能加入更多个人体验和感想会更精彩，让人更有代入感。,1742841699
287,38,54,,这篇游记详细介绍了秦皇岛海滨乐园的游玩体验，从沙滩戏水到海上游乐设施，每一处都让人印象深刻。推荐带孩子去尝试各种水上项目，尤其是海豚表演和潜水艇观光，亲子互动非常丰富。不过可以提前了解园区开放时间及人流情况，避免高峰期排队等待。,1741713287
288,14,180,180.0,这篇游记生动地描绘了秦皇岛鸽子窝的日出美景。作者细腻的文字让人仿佛置身于那朝霞满天的海边，感受到海风拂面、阳光洒落的温暖与希望。不过，如果能加上些实用的小贴士，比如最佳观赏时间或交通信息，会更加方便其他旅行者参考哦！,1742855735
289,71,71,,这篇《秦皇岛必吃的海鲜市场美食》游记生动地描绘了当地的美食风情。作者不仅分享了详细的菜单推荐，还贴心地介绍了购买和品尝海鲜的小技巧。对于像我这样的旅行者来说，这些实用的信息无疑是一大帮助。,1742777460
290,60,121,,这篇游记详细描绘了秦皇岛沙滩露营的魅力，从搭帐篷到篝火晚会，每一步都让人跃跃欲试。不过，文中提到的风力较大时扎营需要注意安全，建议增加一些防风措施的小贴士会更好。适合热爱自然、寻求探险乐趣的朋友阅读！,1742402763
291,20,20,,这篇《秦皇岛夏日乐趣避暑攻略》真是让人眼前一亮！文中不仅详尽介绍了秦皇岛的海滨风光、美食小吃，还贴心推荐了多个免费开放的景区和活动。对于寻求清凉与娱乐并重的游客来说，绝对是一份不可多得的好指南。,1742475042
292,46,161,,这篇《秦皇岛海鲜大餐美食攻略》非常实用！详细介绍了多种特色海鲜，让人垂涎三尺。不过，希望作者能加入一些餐厅推荐和评分，这样对打算独自出行的朋友更有帮助。总体来说，是一篇值得分享的游记。,1742523605
293,47,9,,这篇《秦皇岛夏日乐趣避暑攻略》真是让人心动！详细介绍了海边、山间和美食，尤其是那些建议都很实用。不过如果能加入一些亲子活动或者夜游项目的推荐就更好了，这样不同年龄层的游客都能找到乐子。期待亲身体验一番！,1741751001
294,77,55,,这篇游记生动描绘了秦皇岛碣石山的壮丽景色。作者细致入微地记录了从山脚到山顶的所见所感，让人仿佛身临其境。建议可以多分享一些当地的特色美食和人文故事，这样旅行的乐趣会更丰富多彩！,1742205858
295,4,6,6.0,这篇游记详细介绍了秦皇岛鸽子窝公园的独特魅力，风景如画，尤其是日出时分的美景令人难忘。建议不妨早上早点出发，避开人群，享受更加宁静的观赏时光。同时，也可以带上相机捕捉更多美好瞬间。适合喜欢自然风光和摄影的朋友参考！,1741632140
296,56,161,161.0,这篇《秦皇岛海鲜大餐美食攻略》真是让人垂涎三尺！攻略中推荐的各种海鲜餐厅和特色菜品都非常诱人。尤其是那些地道的小吃，更是让人口水直流。不过，如果能增加一些关于季节性食材的信息就更好了，这样可以根据不同季节规划美食之旅。,1742763944
297,43,165,165.0,这篇《秦皇岛一日游：体验老龙头入海》的游记详实生动，不仅详细记录了作者在老龙头景区的独特体验，还对沿途风景进行了细致描绘。文中对于老龙头的历史背景介绍也十分到位，让人更深刻地理解其文化价值。,1741616280
298,51,127,127.0,这篇游记生动地描绘了秦始皇东巡的历史遗迹，让人仿佛穿越回那个雄伟的时代。作者不仅详细介绍了碣石山、祖山等地的景点，还分享了许多实用的旅行贴士，对喜欢历史和古迹探索的旅游爱好者来说非常有价值。,1742602293
299,84,23,,这篇游记生动描绘了秦皇岛渔民文化的独特魅力。作者深入体验渔村生活，记录了富有地方特色的民俗活动和传统手工艺品，让人仿佛置身于那个淳朴而充满活力的时代。对于旅游爱好者而言，不仅提供了丰富的旅行灵感，还强调了保护和传承文化遗产的重要性。,1742327792
300,32,185,185.0,这篇游记生动描绘了秦皇岛古城的魅力，从历史遗迹到现代风情，让人仿佛亲身游历。建议增加一些当地美食推荐和交通攻略，这样对计划前往的朋友会更有帮助哦！绝对值得一读再读，激发你探索的热情。,1741983832
301,98,96,96.0,这篇《秦皇岛碣石山景点推荐》游记生动详实地介绍了碣石山的独特魅力。作者不仅分享了美丽的风景照片，还贴心地提供了多条徒步路线和注意事项，对喜爱户外探险的旅行者非常有帮助。,1741994218
302,77,103,,这篇游记生动地描绘了秦皇岛的历史韵味。从老街的沧桑到海鸥的翱翔，作者细腻入微的观察让人仿佛身临其境。建议可以增加一些当地特色美食的介绍，相信会给读者更多元化的旅行灵感。推荐给所有想要深入了解中国北方历史文化的朋友们！,1742825037
303,38,180,180.0,这篇游记详细描绘了秦皇岛鸽子窝的日出美景，让人仿佛身临其境。作者不仅记录了壮观的日出画面，还分享了许多实用的小贴士，对于计划前往的游客非常有帮助。不过，如果能增加一些关于当地气候和着装建议的内容会更好，这样读者更能做好充分准备，享受旅行。,1741879015
304,30,20,20.0,这篇《秦皇岛夏日乐趣避暑攻略》真给力！不仅详细介绍了各大景区和美食，还贴心推荐了清凉避暑的好去处。不过我觉得可以再加入一些户外活动的介绍，比如冲浪、沙滩排球等，这样更能吸引热爱运动的小伙伴哦！整体来说，这是一篇不可多得的好游记！,1742081115
305,78,101,,这篇游记生动描绘了老龙头景区的历史文化底蕴，让人仿佛置身于那段波澜壮阔的历史之中。建议作者可以加入更多个人体验分享，比如在海边漫步时的所见所感，这样会让文章更加丰富有趣。对于第一次到访的朋友来说，这样的细节分享非常有帮助！,1742790938
306,47,185,300.0,这篇《秦皇岛的古城风貌文化》游记详实地记录了作者在秦皇岛古城的所见所感。不仅描写了古朴的老街、古色古香的建筑，还融入了当地的历史故事和人文情怀，让人仿佛穿越时空。,1742159275
307,60,41,,这篇《我的秦皇岛海滨漫步之旅》游记生动描绘了秦皇岛的美景和人文风情。作者细腻的笔触让人仿佛亲临其境，感受到海风的轻拂和沙滩的柔软。建议可以增加一些当地美食推荐或特色活动介绍，让读者在享受视觉盛宴的同时也能有所参考。,1742744157
308,8,113,113.0,这篇《秦皇岛海滨乐园亲子攻略》真是干货满满！攻略里详细介绍了游乐设施和游玩路线，非常适合带孩子出游的家庭参考。不过，如果能增加一些季节性活动的信息就更好了，这样可以根据不同的时间段做出更合适的安排。期待秦皇岛带来更多精彩体验！,1742854561
309,84,49,49.0,这篇《秦皇岛一日游：体验古城风貌》真是让人心动！作者详细描述了老龙头、山海关等景点的历史韵味和现代风情。不过，如果能增加一些实用的小贴士，比如最佳游览时间或是美食推荐，那会更好，毕竟这些都是旅途中不可或缺的精彩啊！,1742733217
310,28,104,,这篇游记生动描绘了秦皇岛海滨的迷人风光，让人仿佛身临其境。文中的细腻描述和优美语句，为读者展现了一个既浪漫又充满活力的海滨城市。不过，如果能加入一些关于当地美食或者活动推荐，将会更吸引旅游爱好者哦！,1742777951
311,64,70,,这篇《秦皇岛海滨度假避暑攻略》游记非常实用！详细介绍了秦皇岛的美景、美食和住宿推荐。不过，如果能增加一些关于当地节庆活动的信息就更好了，这样可以帮助计划行程的时间更加精准。期待下次去时还能遇到这样的好建议！,1741815014
312,25,16,16.0,这篇《秦皇岛沙滩玩耍亲子攻略》真是干货满满！详细介绍了如何带孩子享受海滩乐趣，从安全须知到游玩项目都考虑周全。不过，如果能加入一些关于当地海鲜美食的推荐就更完美了。对喜欢家庭出游的朋友来说，绝对是一份不可多得的好资源！,1741846477
313,58,195,,这篇《秦皇岛山海关古道自驾体验》真是让人神往！作者详细记录了从城市到古关隘的沿途风光和历史故事，让人仿佛亲身穿越时空。建议可以增加一些实用路线规划和停车点推荐，这样对自驾游的朋友更有帮助。期待更多这样的深度探索分享！,1741912619
314,61,191,,这篇游记生动描绘了秦皇岛的海滨风光和丰富多样的海上运动。作者详细分享了冲浪、帆板等项目的体验感受，让人仿佛身临其境。建议增加一些关于当地海鲜美食的信息，这样对食物爱好者的吸引力会更强。总体来说，是一篇值得推荐的好文！,1742710931
315,13,96,,读完这篇《秦皇岛碣石山景点推荐》，对碣石山的好奇心更加强烈了。游记中细腻描绘了山景的魅力和活动的乐趣，特别是攀岩体验非常吸引人。不过，如果能多分享一些登山路线的选择和注意事项，对于初学者来说会更有帮助哦！期待亲自踏上这片神奇的土地。,1742625147
316,35,57,57.0,这篇游记生动描绘了秦皇岛自驾游的独特魅力，让人仿佛置身于海边的清风之中。不过，如果能加入一些关于最佳自驾路线的小贴士就更好了，相信会给其他喜欢自驾的朋友更多的灵感和帮助！,1742883392
317,14,76,76.0,这篇游记生动地描绘了秦皇岛天下第一关的历史文化。作者不仅详细介绍了关城的建筑特色和历史背景，还分享了许多实用旅行贴士，如最佳游览时间和注意事项，非常适合计划前往的朋友参考。,1742005951
318,73,4,,这篇游记详细描绘了秦皇岛日落的魅力，让人仿佛置身于那金色余晖之中。作者不仅分享了最佳观赏地点，还贴心地介绍了拍照技巧和注意事项，非常适合摄影新手参考。不过，如果能加入一些个人感受或情感描写，会更加触动人心。期待你能带来更多精彩的旅行故事！,1742669382
319,80,139,,这篇游记生动描绘了秦皇岛海滨乐园的美景和乐趣。沙细腻软、海水清澈，孩子们在海边尽情玩耍，欢声笑语不断。不过，如果能提前查看潮汐表安排活动时间会更好，避免遇到退潮时沙坑变少的情况。推荐给带孩子出行的家庭参考！,1742507711
320,25,63,63.0,这篇游记生动地描绘了秦皇岛丰富的文化遗产和悠久的历史。作者不仅详细介绍了著名景点，还分享了许多鲜为人知的小众地点，让读者仿佛亲身经历了一次文化之旅。建议增加一些个人体验和感受的描述，这样更能引起共鸣。期待更多这样的旅行故事！,1742460440
321,14,11,11.0,这篇《秦皇岛海上运动海滨攻略》真是让人眼前一亮！不仅介绍了丰富的海上活动项目，还分享了实用的旅行贴士。对于喜欢户外运动和海景的旅行者来说，是一份不可多得的好资源。不过，如果能加入一些当地美食推荐就更完美了。期待更多的精彩内容！,1742725038
322,36,25,,这篇游记生动地介绍了秦皇岛当地的特色小吃，让人垂涎欲滴。尤其是提到的烧烤和海鲜，更是让人迫不及待想要一尝鲜！不过，如果能加入一些个人体验或推荐购买的小吃店铺信息就更好了，这样对初次前往的朋友更有帮助。,1742580722
323,11,33,33.0,这篇《秦皇岛沙滩玩耍亲子攻略》确实为家庭出游提供了不少实用信息。作者详细介绍了海滩游玩的最佳时间、必备物品和安全须知，特别提到在孩子玩沙筑堡时要多加引导，增添趣味性。,1742184037
324,55,82,82.0,这篇游记生动地描绘了探索山海关古道的乐趣，不仅详细介绍了路线规划，还分享了许多实用的小贴士。对于喜爱历史和徒步旅行的游客来说，是一份难得的好指南。不过，可以增加一些关于天气变化对行程的影响以及安全注意事项的内容，让读者更好地准备自己的旅程。,1742313447
325,18,78,78.0,这篇游记生动地描绘了秦皇岛丰富多彩的节庆活动，从沙滩音乐节到国际灯会，每一项活动都充满了当地的文化特色和热情好客。建议作者可以加入更多关于当地人参与活动的故事，这样能更好地展现出秦皇岛的人文气息。这将对其他旅游爱好者更具吸引力！,1742654770
326,87,63,,这篇《探秘秦皇岛的文化遗产历史》游记生动地描绘了秦皇岛丰富的文化遗产和悠久的历史。作者不仅详细介绍了当地的历史遗迹，还分享了许多实用的小贴士，让读者仿佛身临其境。,1742127780
327,51,151,,这篇游记生动地描绘了秦皇岛森林公园的美景，让人仿佛置身于绿意盎然的世界。作者不仅详细介绍了最佳观赏时间，还贴心分享了徒步路线和必备装备，对喜爱自然风光的旅行者极具参考价值。建议增加一些关于植物知识的小贴士，让游览更加丰富有趣。,1742566501
328,25,87,246.0,这篇游记生动描绘了秦皇岛森林公园的自然美景，特别是红叶、瀑布和溪流，令人心旷神怡。建议添加一些实际的游玩路线推荐，方便读者更好地规划行程，相信会给更多的旅行者带来灵感与乐趣！,1742095531
329,92,56,,这篇游记生动描绘了秦皇岛动物园之行的趣事，让人仿佛置身其中。尤其是孩子们在喂食小动物时的欢呼声，给整个旅程增添了无限乐趣。建议作者可以分享更多关于动物的知识和保护信息，让这次旅行更有教育意义。推荐给所有亲子家庭，一起探索自然界的奇妙！,1742621702
330,73,152,,这篇游记生动描绘了北戴河海景的独特魅力。作者不仅分享了细腻的感官体验，还贴心地提供了实用的旅行建议。对于渴望探索海滨风光的朋友来说，这是一份难得的好资源。不过，如果能加入一些当地文化的介绍就更完美了！,1742693861
331,47,114,,读完这篇《秦皇岛海风吹拂避暑攻略》，真是收获颇丰！文章不仅详细介绍了秦皇岛的海滩美景和美食推荐，还贴心地分享了避开人流高峰的妙招。不过，对于喜欢潜水和冲浪的朋友，能否增加一些水上活动的信息就更好了。期待下次去秦皇岛时能有更多精彩的体验！,1742053155
332,57,17,17.0,这篇游记详细描绘了秦皇岛渔岛风景区的魅力，让人仿佛身临其境。建议增加一些关于海上项目的安全须知，让读者游玩更安心。对于喜欢探险的游客来说，这里绝对值得一去！,1742033303
333,65,194,194.0,这篇游记以细腻笔触描绘了秦皇岛的明代遗迹，让人仿佛穿越时空，亲临其境。文中不仅详尽介绍了各个景点的历史背景，还分享了许多实用的游览小贴士，非常适合规划类似行程的朋友参考。建议作者今后可以增加一些个人体验和感悟，让文章更加生动有趣。,1742417305
334,82,55,,这篇游记详细描绘了秦皇岛碣石山的自然风光，让人仿佛身临其境。作者不仅记录了壮丽的山景和清新的空气，还分享了一些实用的旅行小贴士，如最佳游览时间和必备装备。,1741717177
335,84,168,,这篇《秦皇岛一日游：体验古城风貌》的游记生动地描绘了秦皇岛的历史底蕴和现代魅力。作者不仅详细介绍了景点，还分享了许多实用的游玩贴士，让人如临其境。不过，如果能加入一些当地美食推荐就更完美了！这样的补充会让旅程更加丰富多彩，值得点赞。,1742252670
336,64,193,193.0,这篇游记详细介绍了在秦皇岛度夏的种种乐趣，从海上冲浪到山间徒步，活动多样且富有趣味。作者还分享了当地美食和住宿推荐，为想要来此避暑的人提供了宝贵的参考。,1741723063
337,47,46,46.0,这篇游记生动描绘了在秦皇岛品蟹的美妙体验。作者不仅分享了蟹宴菜单，还详细介绍了当地特色蟹种及其烹饪方式，让人仿佛置身其间。不过，如果能加入一些与当地人互动的小故事，会更加鲜活有趣，让读者更感同身受。推荐给喜爱美食和自然风光的朋友们！,1741841988
338,32,36,,这篇游记详细介绍了秦皇岛特色海胆炒饭的做法和食用体验，让人垂涎欲滴。推荐尝试正宗的做法，并注意食材的新鲜度。如果有机会，不妨也探索一下当地的海鲜市场，亲自挑选新鲜的海胆，现场品尝更地道的味道。适合喜欢海鲜、追求美食旅行的朋友参考！,1742551186
339,38,57,,这篇《记录秦皇岛的自驾体验》游记生动有趣，让人仿佛亲身感受到了秦皇岛的海风和阳光。不过，如果能加入一些关于最佳观景时间和交通状况的信息就更好了，相信会对计划类似旅行的朋友大有帮助！,1741715176
340,89,135,135.0,这篇《秦皇岛的海钓乐趣海滨体验》游记生动地描绘了秦皇岛迷人的海岸风光和丰富的海洋资源。作者细腻地记录了每一次钓获的乐趣，让读者仿佛亲身经历了一次激动人心的海上冒险。对于渴望亲近自然、享受宁静时光的旅游爱好者来说，这无疑是一个绝佳的选择。,1742591615
341,74,157,157.0,这篇《秦皇岛采摘体验亲子攻略》游记详尽实用，为带孩子出游的家庭提供了宝贵的参考。作者分享了丰富的采摘点信息和路线规划，使原本可能枯燥的旅程变得趣味盎然。,1742612429
342,28,197,,这篇《秦皇岛停车指南自驾游攻略》对自驾游客非常实用。文中详细介绍了停车场的位置和特点，还分享了一些免费车位的信息，非常适合计划前往秦皇岛的自驾游爱好者参考。,1742168565
343,10,152,,这篇游记生动描绘了北戴河海景的魅力，让人仿佛身临其境。作者不仅记录了壮阔的海景，还分享了许多实用的游玩建议和美食推荐，非常适合打算前往的朋友参考。不过，如果能更多地描述一天中不同时间点的景色变化就更好了，相信会给读者带来更丰富的视觉享受。,1742310367
344,95,163,281.0,这篇《秦皇岛森林公园风光攻略》真是让人眼前一亮！图文并茂地展示了公园内的美景和游玩路线。不过，如果能加入一些季节性活动的信息就更完美了，比如春季赏花、秋季观叶等，这样不同季节来的朋友也能更好地安排行程。推荐给所有热爱自然的朋友们！,1742184406
345,86,188,,这篇游记生动描绘了老龙头景区的历史文化和壮丽景色。作者深入浅出地介绍了古战场遗址、观澜亭等重要景点，并分享了自己漫步海岸线的独特体验。建议可以增加一些当地美食推荐和实用旅行小贴士，这样对准备前往的游客会有更大的帮助。（约98字）,1741700387
346,22,103,302.0,这篇游记生动描绘了秦皇岛丰富的历史遗迹，让人仿佛身临其境。作者不仅详细介绍了山海关、北戴河等著名景点，还提到了一些鲜为人知的历史故事，增加了旅行的趣味性。建议多分享一下当地的美食和人文风情，这样能更好地让读者感受到这座城市的魅力。,1741609575
347,49,72,72.0,这篇游记详细描绘了秦皇岛黄金海岸的壮丽景色，从细腻的沙滩到连绵的海岸线，再到远处壮观的大海，让人仿佛身临其境。建议作者可以加入更多关于当地海鲜美食和特色人文风情的内容，让读者不仅享受视觉盛宴，还能体验味觉与文化之旅。,1742058171
348,35,83,83.0,这篇《秦皇岛的海上运动海滨体验》游记生动描绘了秦皇岛独特的海景和丰富的水上活动。作者不仅分享了个人在风帆冲浪中畅快淋漓的感受，还贴心地推荐了一些性价比高的海滩游玩项目。对于热爱海洋冒险的朋友来说，这里绝对是一个不可错过的好去处！,1742640558
349,48,103,346.0,这篇游记生动描绘了秦皇岛的历史遗迹，让人仿佛亲临其境。作者不仅详细记录了景点特色，还分享了许多实用信息和有趣的小故事，非常吸引人。不过，如果有更多关于当地文化背景的介绍就更好了，这样能让读者更加深入地了解这些历史遗迹背后的故事。,1742596770
350,5,11,,这篇《秦皇岛海上运动海滨攻略》非常实用！攻略详细介绍了秦皇岛的各种水上活动和海滩风情，对于喜欢冲浪、帆船等户外运动的朋友来说是个宝藏。,1742531251
351,22,172,,这篇游记详细描绘了秦皇岛的自驾乐趣，风景优美，推荐线路合理。不过，如果能加入一些当地美食和特色小店的介绍就更完美啦！这样的分享对计划前往的朋友非常有帮助，期待作者更多精彩内容！,1742702903
352,87,24,24.0,这篇游记生动描绘了北戴河海滨的独特魅力，从细腻的海浪声到绵延的沙滩，每一处景致都让人流连忘返。建议作者可以分享更多关于当地海鲜美食的信息，相信会给准备出行的朋友更多的参考和惊喜！,1742840378
353,97,95,,这篇《秦皇岛自驾游攻略》非常实用！详细介绍了沿途风景和必去景点，还贴心提醒了路况和停车问题。对于像我这样的自驾游新手来说，是一份很好的参考指南。建议增加一些美食推荐，比如当地海鲜特产的介绍，这样能更好地让旅程丰富多彩。,1742008492
354,54,10,10.0,这篇游记生动描绘了秦皇岛的美丽海岸线。作者不仅分享了沿途的风景美照，还详细介绍了当地的美食和人文故事，让人仿佛身临其境。不过，如果能加入一些实用的小贴士，比如最佳游览时间或交通信息，会更有助于其他旅行者安排行程。期待你更多的精彩分享！,1741702001
355,43,38,,这篇《秦皇岛科普活动亲子攻略》游记非常详尽，为家长和孩子们提供了丰富的科普知识和趣味活动。建议增加一些当地特色美食推荐，这样能让旅程更加丰富多彩，更加吸引家庭游客。总体来说，是一篇值得收藏的实用攻略！,1741784275
356,30,90,,这篇游记生动地描绘了碣石山的壮美景色。作者不仅详细记录了沿途的风景变化，还分享了许多实用的游览建议和小贴士。特别是关于最佳观景点的选择，让读者仿佛身临其境。,1742497202
357,76,58,,读罢这篇《我的秦皇岛海滨漫步之旅》，仿佛亲身走过了那一片细腻柔软的沙滩。作者生动描绘了海浪拍打岸边、鸥鸟翱翔的景象，令人心驰神往。建议可以在文中加入更多关于当地美食和人文风情的介绍，让读者更加全面地感受秦皇岛的魅力。期待更多的旅行分享！,1741880768
358,10,28,,这篇关于秦皇岛山海关古道的自驾游攻略非常实用！详细介绍了沿途的历史文化和风景名胜。不过如果能增加一些美食推荐就更完美了，毕竟自驾旅行中找吃的也是乐趣之一。期待作者后续更新更多有趣的内容！,1741647782
359,88,21,,这篇《如何玩转秦皇岛的海滨漫步》游记详细介绍了秦皇岛的美景和游玩攻略，非常实用。特别是对于喜欢海边的人，推荐尝试日落时分的海畔散步，美不胜收。不过文中提到的个别餐饮店信息已经更新了，希望作者能及时补充最新资讯，方便更多旅行者。,1741665402
360,68,73,73.0,这篇游记详细介绍了秦皇岛的海钓乐趣和海滨风光，对初次体验的朋友非常有帮助。不过，如果能增加一些具体装备推荐和个人技巧分享就更好了。对于资深钓友来说，这样的细节会更有价值，也能让更多人爱上这项运动。,1742492747
361,14,9,9.0,这篇《秦皇岛夏日乐趣避暑攻略》真是诚意满满！详细介绍了如何在秦皇岛享受清凉一夏，从海滩玩沙到海鲜美食，再到夜景游玩，每一项活动都让人跃跃欲试。不过，如果能加入一些关于夏季防晒和防蚊的小贴士就更好了，这样小伙伴们就能更安心地享受夏日乐趣啦！,1742464897
362,29,126,275.0,这篇《秦皇岛海滨漫步海滨攻略》真的值得一读！作者详细介绍了秦皇岛的海岸线美景和隐藏的小众景点，让我对这个海滨城市充满了期待。建议可以增加一些实用贴士，比如最佳观潮时间和交通信息，这样对计划前往的朋友会更有帮助。,1742769386
363,97,185,,读罢这篇《秦皇岛的古城风貌文化》，仿佛身临其境，感受到了那份古朴与现代交融的独特魅力。文中对山海关历史文化的描绘生动细腻，令人印象深刻。不过，若能增加一些个人体验分享和实用旅行贴士，相信会吸引更多读者。期待作者未来带来更多精彩的游记！,1742763464
364,20,47,,这篇游记《记录秦皇岛的美食之旅》详实地介绍了秦皇岛的特色美食，让人心生向往。尤其是对海鲜的描述，让人仿佛能闻到海的味道。不过，如果能加入一些当地人推荐的小吃和隐藏菜单，会更加全面。适合准备旅行的朋友参考！,1742591570
365,79,193,,这篇游记以细腻的笔触描绘了秦皇岛的夏日风情。作者不仅分享了寻找避暑胜地的小窍门，还推荐了几处隐藏美景。对于喜欢探索海滨风光和体验当地文化的旅行者来说，非常有参考价值。不过，若是能加入一些亲身体验的故事或趣事，可能会让整篇游记更生动有趣呢！,1741866751
366,41,160,,这篇游记生动描绘了秦皇岛的亲子旅行体验，让人感受到家庭出游的乐趣。建议增加一些关于当地特色美食的介绍，这样不仅能让读者了解美景，还能满足味蕾，为下一次旅行提供更多参考。总体来说，是一篇值得一读的好文章！,1741639037
367,51,152,330.0,这篇游记详细描绘了北戴河的海景魅力，让人仿佛身临其境。文中不仅介绍了最佳观景点和拍摄技巧，还分享了一些实用的小贴士，对计划前往的朋友非常有帮助。不过，如果有更多的个人体验或感受就更好了，比如某个特定时刻的独特风景或者与人共游的美好回忆。,1742503360
368,44,178,,这篇游记生动地描绘了秦皇岛海鲜的鲜美与多样性。作者不仅分享了各种海味的独特风味，还贴心地介绍了购买和品尝的小技巧，对于像我这样的旅行新手来说非常实用。不过，如果能加入一些当地的特色餐馆推荐就更好了，这样我们就可以在旅途中更好地享受美食之旅。,1742392048
369,33,114,114.0,这篇《秦皇岛海风吹拂避暑攻略》真不错！详尽介绍了秦皇岛夏季游玩的好去处，如老龙头、渔岛等。不过，如果能增加一些交通和餐饮方面的信息就更完美了。推荐给正在寻找清凉一夏的朋友们！,1741657395
370,68,108,,这篇游记生动描绘了秦皇岛湿地的自然美景和丰富的鸟类生态。作者细致入微地记录了每一次观鸟的经历，让人仿佛身临其境。对于喜欢自然风光和摄影的旅友来说，这里不仅提供了绝佳的观鸟机会，还能近距离感受大自然的魅力。,1742514514
371,63,54,287.0,这篇游记生动描绘了秦皇岛海滨乐园的迷人风光和亲子乐趣。作者不仅详细介绍了各种游乐设施，还分享了宝贵的游玩经验和注意事项，对于计划家庭旅行的朋友非常有参考价值。建议多拍些照片记录下孩子的笑脸，这样回忆起来更温馨。,1742001472
372,43,72,,这篇游记生动描绘了秦皇岛黄金海岸的迷人景色。沙滩细腻柔软，海风轻拂，美不胜收。作者详细记录了海边漫步、日落观赏的经历，为其他旅行者提供了宝贵的参考。,1742859627
373,68,26,,这篇游记生动描绘了秦皇岛黄金海岸的美丽风光和丰富活动，让人仿佛身临其境。不过，如果能加入一些关于最佳旅行时间的小贴士就更好了，这样准备出行的人可以更好地享受旅程。总体来说，是一篇值得推荐的好文章！,1742764872
374,58,170,170.0,这篇《秦皇岛海鲜大餐美食攻略》非常实用！作者不仅详细介绍了各种特色海鲜的做法和风味，还贴心地推荐了几家口碑极佳的餐厅。对于像我这样的海鲜控来说，简直就是一场味蕾盛宴。,1741845459
375,25,175,,这篇游记生动描绘了秦皇岛丰富的历史遗迹，让人仿佛身临其境。作者不仅介绍了北戴河海滨的美丽风光，还详细讲述了老龙头、山海关等古迹的历史背景，令人深受启发。,1741784569
376,74,122,,这篇《我的秦皇岛自驾体验之旅》真是让人羡慕！作者不仅详细记录了沿途风景，还分享了许多实用攻略。不过如果能加入一些当地特色的美食推荐就更好啦，这样读者们不仅能欣赏美景还能品尝美味，完美契合一次旅行的双重享受。,1742361139
377,34,139,319.0,这篇游记生动地描绘了秦皇岛海滨乐园的魅力，特别是那里的亲子设施和海景让人心旷神怡。不过，作者提到的人流高峰时段有些拥挤，建议避开节假日，选择工作日出行，能更好地享受游玩的乐趣。整体来说，这是一篇值得参考的好游记！,1741611039
378,25,112,,这篇《秦皇岛的避暑山庄体验》游记真是让人向往！作者详细描绘了秦皇岛避暑山庄的美景和历史底蕴，以及当地的风土人情。不仅有优美的风景描写，还有实用的游玩攻略和美食推荐，对于计划前往的朋友非常有帮助。,1742239821
379,73,66,,这篇游记详细介绍了秦皇岛黄金海岸的美景和特色。沙滩细腻柔软，海水清澈碧蓝，真的是个放松的好去处！不过，文中提到人多时会有些拥挤，可以考虑避开节假日错峰出行，享受更加宁静的海滩时光。总体来说，推荐给喜欢海景和自然风光的游客。,1742363436
380,57,72,,这篇游记生动描绘了秦皇岛黄金海岸的美丽景色，让人仿佛置身其中。细腻的文字不仅记录了海滩、礁石和蓝天白云的壮丽景象，还分享了当地的风土人情，为读者提供了一份详尽而感性的旅行指南。,1742602817
381,64,4,,这篇游记详细描绘了秦皇岛日落时分的绝美风光。作者不仅分享了最佳观景点的选择，还贴心地给出了拍照技巧和时间安排建议，非常适合打算探访的朋友参考。不过如果能加入一些当地的特色美食推荐就更完美啦！这样的补充能让旅程更加丰富多彩。,1742791018
382,45,139,139.0,这篇游记生动描绘了秦皇岛海滨乐园的美景和乐趣。作者分享了许多实用信息，比如最佳游玩时间和交通方式，对于带孩子出行的家庭非常有参考价值。不过，如果能增加一些关于如何应对大风天气或海浪的小贴士就更好了。整体来说，是一篇值得推荐的好文！,1741953207
383,92,8,8.0,这篇游记详细介绍了秦皇岛的扇贝烧烤美食，不仅让人垂涎欲滴，还提供了实用的就餐推荐。不过，如果能加上一些亲自品尝的心得或者与其他地方对比的小贴士就更好了，这样读者不仅能了解到哪里好吃，还能学到如何更好地享受这一美味。,1742587734
384,88,7,7.0,这篇《秦皇岛夏日乐趣避暑攻略》真是让人眼前一亮！文中不仅详细介绍了秦皇岛的海滩风光和海鲜美食，还贴心地分享了避暑的好去处。不过，如果能多些关于夜游的推荐就更好了，比如海边的夜间活动或者特色小吃店。,1741646324
385,90,95,,这篇关于秦皇岛自驾游的攻略非常实用！作者不仅详细介绍了沿途风景，还贴心地提醒了交通情况和停车问题。对我计划暑假自驾游的朋友帮助很大。唯一建议是增加一些美食推荐，这样就能兼顾味蕾享受啦！强烈推荐给准备前往秦皇岛自驾游的朋友们！,1742444676
386,10,166,166.0,这篇游记生动描绘了北戴河海滨的美景和魅力，让人仿佛身临其境。作者不仅详细介绍了当地的海滩、美食，还分享了一些实用的小贴士，非常值得参考。不过，如果能加入一些关于当地风土人情的描述就更完美了，这样会让文章更加丰富多彩！,1741611205
387,95,105,,这篇游记详细介绍了秦皇岛的小吃文化，让人垂涎欲滴。特别是提到了海鲜饺子和炸酱面的做法，让我对这里的传统风味有了更深的认识。不过，如果能加入一些个人体验或者推荐最佳品尝时间会更好哦！这样的建议对于准备前往的旅行者非常有帮助。,1741646292
388,72,103,349.0,这篇游记生动描绘了秦皇岛的历史韵味，从老街巷到海边古堡，每一处都充满了故事。作者不仅带领我们一同领略了那些历史遗迹的美丽，还分享了许多实用的旅行小贴士，让计划前往的朋友更有信心。,1741609452
389,82,172,172.0,这篇《我的秦皇岛自驾体验之旅》真是让人羡慕！作者详细描绘了沿途风景和海边风情，尤其是那条“老龙头”的探访记录，令人印象深刻。不过，如果能加入一些自驾技巧分享或是注意事项，比如行车路线规划、停车建议等，相信会让更多读者受益匪浅。,1741849390
390,16,19,,这篇游记生动描绘了秦皇岛渔岛风景区的美丽景色和独特魅力。文中提到的海鲜美食让人垂涎三尺，水清沙幼的海滩也十分诱人。不过如果能增加一些关于如何选择合适游玩时间的信息就更好了，毕竟不同季节体验大不相同。,1741853048
391,92,197,,这篇《秦皇岛停车指南自驾游攻略》非常实用！文中不仅详细介绍了多个热门景点的停车场情况，还贴心地标注了收费和开放时间。对于像我这样的自驾游爱好者来说，这简直是出行的好帮手。,1742725392
392,36,174,,这篇游记生动描绘了秦皇岛的采摘体验之旅，让人仿佛置身其间。不仅介绍了丰富的当地水果种类和采摘乐趣，还贴心分享了最佳时间和路线选择。建议增加一些亲子互动的小贴士，让家庭出游更加有趣。非常推荐给想要亲近自然、享受亲子时光的朋友们！,1742649922
393,28,156,156.0,这篇游记详细介绍了秦皇岛老龙头景区的特色景点和游玩攻略，对于初次前往的朋友非常有帮助。其中特别提到了观海亭的壮丽景色和青龙石雕的历史文化价值，让人印象深刻。不过如果能加入一些个人体验或感受会更生动。期待作者下次再分享更多精彩内容！,1742031034
394,57,112,,这篇游记生动描绘了秦皇岛避暑山庄的独特魅力。作者详细记录了沿途风景和住宿体验，让人心驰神往。不过，如果能介绍一些更加详细的游玩线路和注意事项，会更有帮助。期待更多这样的分享！,1741838580
395,42,198,198.0,这篇游记为初次到访秦皇岛的朋友提供了许多实用信息。作者不仅详细描述了海滩的日光浴、海鲜大餐等夏日必体验项目，还特别推荐了一些鲜为人知的景点和活动，如北戴河的鸽子窝公园。,1741935814
396,1,117,117.0,这篇游记生动地记录了家庭在秦皇岛体验亲子露营的美好时光。孩子们在沙滩上尽情玩耍，大人则享受着大自然的宁静。不过，如果能提供更多关于露营装备和注意事项的信息，就更完美啦！这样对准备带孩子出去玩的家庭会有更大帮助。,1742461983
397,62,53,254.0,这篇《秦皇岛凉爽体验避暑攻略》真是干货满满！文中详细介绍了秦皇岛的海滩风光和清凉夜市，还特别推荐了几个不错的住宿地点。对于像我这样的旅游爱好者来说，是一份不可多得的好资料。,1742696834
398,14,92,92.0,这篇游记生动描绘了秦皇岛的风土人情和历史遗迹，特别是对秦始皇东巡的描述让人仿佛穿越时空。不过，如果能加入一些实用的小贴士，比如最佳游览时间或必备装备，会更加贴心，更适合准备前往的朋友参考。整体而言，是一篇值得一读的佳作！,1741903705
399,41,72,,这篇游记生动描绘了秦皇岛黄金海岸的迷人景色，细腻入微地捕捉到了海风、沙滩和阳光的完美交融。特别是日落时分那金黄色的天空与碧蓝的大海交相辉映的画面，让人仿佛身临其境。不过，如果能加入一些关于最佳游览时间和当地海鲜推荐的内容，那就更完美了！,1742057372
400,59,163,344.0,这篇游记详细介绍了秦皇岛森林公园的美景和游玩路线，特别推荐了观赏日出的最佳位置。不过，作者提到公园内部分步道较崎岖，建议准备一双舒适的登山鞋。此外，如果能增加一些关于野生动物观察的小贴士就更好了，这样热爱自然的朋友会更有兴趣哦！,1742600243
401,24,160,219.0,这篇《我的秦皇岛亲子时光之旅》真是让人羡慕不已！文中不仅记录了丰富多彩的亲子活动，还分享了许多实用的游玩攻略。对于准备带孩子出行的家庭来说，这是一份难得的指南。不过，如果能增加一些当地美食推荐，那就更完美了。期待你下次旅行有更多的精彩分享！,1742389750
402,82,152,,这篇游记生动描绘了北戴河的壮美海景。作者细腻地捕捉到了海边的日出日落、沙滩的变化多端，以及海风的咸味和浪花的声音。对于初访北戴河的游客而言，是一份极好的参考指南。不过，如果能加入一些关于最佳观景点或避暑小贴士，会更加完美。,1742195113
403,82,43,43.0,这篇《秦皇岛沿途美景自驾游攻略》真是一份宝藏攻略！对于喜欢自驾游的朋友来说，它不仅详细介绍了秦皇岛的主要景点和必去之处，还贴心地提供了路线规划、美食推荐和注意事项。特别是作者分享的几处鲜为人知的小众景点，让我对下一次旅行有了更多期待。,1742506870
404,90,37,37.0,读完这篇《秦皇岛当地小吃美食攻略》，让我对秦皇岛的美食有了更多期待！攻略里详细介绍的各种地方特色小吃，不仅口味多样，而且制作工艺独特。如果有机会去秦皇岛旅行，一定要按照这份攻略好好尝遍这些美食。,1742030942
405,86,171,,这篇游记详细介绍了秦皇岛的海鲜盛宴，让人垂涎欲滴。作者不仅分享了各种美味海鲜的做法和特色，还贴心地推荐了几家口碑极佳的餐厅。对于喜欢美食和旅行的朋友来说，这是一篇非常实用的文章。,1742427812
406,33,88,,这篇《秦皇岛海钓乐趣海滨攻略》真的让人眼前一亮！作者详细分享了钓鱼技巧和景点推荐，对于热爱海钓的朋友来说非常实用。不过，如果能增加一些关于最佳季节的建议就更完美啦，这样计划行程会更有针对性。,1742416328
407,25,126,126.0,这篇游记详实地记录了秦皇岛海滨的美景与乐趣，从细腻的文字中能感受到作者对海边风光的热爱。不过，如果能加入一些当地特色美食的推荐就更好了，这样旅行者不仅能看到美丽的风景，还能品尝到地道的味道，体验更完整的海滨之旅。,1742822780
408,12,122,,这篇游记生动描绘了秦皇岛自驾游的美好经历。从山海相依的壮丽风光到古老长城的历史韵味，作者细腻地捕捉每一个细节，让人仿佛身临其境。建议可以多分享一些实用的行车路线和安全提示，这样对计划前往的朋友会有很大帮助。总体来说，是一篇值得推荐的好文章！,1742000653
409,88,160,219.0,这篇《我的秦皇岛亲子时光之旅》游记生动有趣，让人仿佛身临其境。作者不仅详细介绍了秦皇岛的美景和美食，还贴心地分享了亲子活动的心得，非常适合家庭出游参考。,1741952691
410,6,154,154.0,这篇《如何规划秦皇岛的黄金海岸》的游记真是干货满满！作者不仅详细介绍了黄金海岸的美景和特色，还贴心地分享了交通、住宿推荐以及最佳游玩时间。对于像我这样的旅游爱好者来说，简直是一份完美的旅行指南。,1742577528
411,58,162,162.0,这篇游记生动地描绘了秦皇岛的长城壮丽景色和深厚的历史文化底蕴。作者不仅分享了游玩心得，还推荐了几处隐蔽的好去处，非常适合想要深度体验长城文化的旅行者。不过如果能增加一些实用贴士或注意事项就更完美了！,1742500603
412,50,2,,这篇游记生动描绘了秦皇岛日落的绝美景象，让我对那里的夕阳充满向往。作者详细分享了最佳观赏地点和时间，非常适合摄影爱好者。不过，如果能加入一些当地的特色小吃推荐就更完美了！这样的小贴士能更好地让旅行丰富多彩。,1742216945
413,17,59,,这篇游记详细介绍了秦皇岛的各种地道美食，从海鲜到烧烤，每一种都让人垂涎欲滴。尤其是推荐的烤鱼和炸花生米，确实非常美味。对于喜欢尝试当地风味的旅行者来说，是一份不可多得的指南。建议加入一些配图，让食慾不振起来！,1742331997
414,28,149,249.0,这篇游记详实有趣，为初次前往秦皇岛的人提供了宝贵的经验和实用建议。作者不仅介绍了当地的美景美食，还分享了如何避开人流高峰期的好方法。不过，若能加入一些关于当地文化的小贴士就更完美啦！推荐给所有海滨度假爱好者。,1741803500
415,5,118,,这篇游记生动描绘了秦皇岛秦始皇东巡的历史遗迹和文化风情。作者不仅详细介绍了参观过程中的所见所闻，还分享了自己的深刻感悟。对于想深入了解中国古代帝王文化的旅行者来说，是一篇值得参考的好文章。,1741595862
416,33,191,191.0,这篇游记生动地描绘了秦皇岛海边的水上活动和美景。作者不仅分享了冲浪、潜水等刺激项目，还介绍了当地丰富的海鲜美食，让人垂涎欲滴。不过，如果能补充一些关于最佳出行时间和装备准备的信息就更完美了！适合计划夏日海滨之旅的朋友参考。,1742741882
417,76,177,177.0,这篇游记生动描绘了秦皇岛螃蟹盛宴的独特魅力。作者不仅详细介绍了各种蟹种和烹饪方法，还分享了许多令人垂涎的美味体验，让人仿佛置身其中。不过，如果能加入一些当地人的故事或是小贴士，会让文章更加丰富有趣。适合准备秋游的朋友参考！,1742761630
418,39,21,21.0,这篇游记生动描绘了秦皇岛的海边风光，让我仿佛置身其间。作者不仅分享了路线规划，还贴心地推荐了一些隐藏的美食和美景点。不过，如果能更详细描述一下海滨的潮汐变化对活动的影响，可能会更有帮助哦！总体来说，是一篇非常实用又充满乐趣的旅行指南。,1742570529
419,37,32,32.0,这篇游记详细介绍了碣石山的独特魅力，特别是那里的海景和岩石景观令人印象深刻。不过，希望能增加一些关于最佳游览时间和天气的信息，这样对想要计划行程的旅行者会更有帮助。强烈推荐！,1742366040
420,21,160,,这篇《我的秦皇岛亲子时光之旅》游记生动有趣，详细记录了家庭旅行中的每一个温馨瞬间。特别是对于亲子活动的选择和安排，给了很多实用的建议。不过，如果能增加一些关于当地美食推荐的内容就更完美了，让读者不仅能够享受自然美景还能品尝地道美食。,1742172641
421,94,87,,这篇游记生动描绘了秦皇岛森林公园的美景，从翠绿的松林到清澈的小溪，每一处景色都让人流连忘返。不过，如果能加入一些实用的小贴士，比如最佳游览时间或注意事项，对准备前往的朋友会更有帮助。期待作者分享更多旅行故事！,1742503508
422,58,135,135.0,这篇游记生动描绘了秦皇岛海边的钓鱼之旅。作者不仅分享了丰富的经验和技巧，还细致描述了海鲜美食和美丽的海滩风光，让人仿佛身临其境。不过如果能加入一些当地特色文化介绍就更完美了。推荐给所有喜欢户外活动、渴望探索未知风景的旅行者！,1742007675
423,76,182,,这篇《秦皇岛自驾体验旅行日记》生动描绘了城市的海景风光和人文风情。作者通过细腻的笔触记录下每一处美景，让人仿佛置身其中。不过，如果能加入一些关于当地美食的介绍就更加完美了！推荐给所有热爱自驾游的朋友，希望能激发更多人探索这座海滨城市的热情。,1741983937
424,86,144,,这篇《秦皇岛山海关古道自驾游攻略》非常实用！路线规划详尽，景点介绍生动。不过，如果能加入一些注意事项和应急措施就更好了，比如天气变化应对、紧急联系方式等，这样自驾游更安心。强烈推荐给正在计划海滨古城之旅的朋友们！,1742755939
425,8,55,,这篇游记生动描绘了秦皇岛碣石山的壮丽景色，让人仿佛身临其境。文中的“海天一色”、“怪石嶙峋”，不仅展现了自然风光的鬼斧神工，也传递出作者对这片土地深深的热爱与感悟。,1742637119
426,27,39,,这篇游记生动描绘了秦皇岛港的历史风貌，让人仿佛穿越回昔日辉煌。作者详尽介绍了码头变迁和文物遗址，特别是那座百年老灯塔，给我留下了深刻印象。建议增加一些当地美食推荐，这样旅途中不仅能饱览美景还能品尝地道风味，会更加完美！,1742271611
427,82,159,,这篇游记生动描绘了秦皇岛丰富的明代遗迹文化。作者深入探访了古老城墙、雄伟炮台等历史遗存，让人仿佛穿越回那个烽火连天的时代。建议增加一些关于当地风土人情的描述，相信会给旅程增色不少。适合对历史文化感兴趣的游客细细品味。,1742878570
428,94,39,39.0,这篇游记生动描绘了秦皇岛港口的历史变迁，让人仿佛穿越时空，亲身体验那段辉煌岁月。文中的细节描写和情感流露真挚动人，尤其推荐那些对港口文化感兴趣的旅行者前往一探究竟。不过，若能增加一些当地居民的视角或故事，或许会让文章更加丰富立体。,1742012151
429,36,58,357.0,这篇游记生动描绘了秦皇岛海滨的独特魅力。作者对海岸线风光的细腻刻画和人文历史的巧妙融入，让人仿佛亲身感受到海风拂面、沙滩漫步的乐趣。不过，如果能加入一些实用的小贴士，比如最佳游览时间和注意事项，将会让准备前往的朋友更有帮助。,1742272318
430,24,32,,这篇游记生动描绘了碣石山的壮丽景色和独特魅力。文中提到的徒步路线规划合理，非常适合喜欢探索自然风光的游客。建议作者可以增加一些关于当地特色小吃的信息，让读者更有食欲地期待旅行。总体来说，是一篇值得参考的好文章！,1741735965
431,50,68,68.0,这篇《秦皇岛海景摄影海滨攻略》对摄影爱好者来说非常实用。攻略详细介绍了拍摄时机和角度的选择技巧，并附上了精美的照片作为参考。不过，如果能增加一些关于季节变换下海景的特点介绍就更好了，这样更能满足不同时间来秦皇岛的游客需求。,1742124969
432,16,157,341.0,这篇《秦皇岛采摘体验亲子攻略》真不错！不仅详细介绍了当地的采摘基地和路线规划，还贴心地提供了安全须知和注意事项。特别是对于带着孩子出行的家庭来说，这份攻略非常实用。建议在攻略中增加一些关于季节性水果的信息，这样更能帮助大家合理安排行程。,1742641091
433,13,30,,这篇游记详细描绘了秦皇岛鸽子窝的日出美景，对摄影爱好者和早起者极具吸引力。文中提到的最佳观赏时间、拍摄技巧都十分实用。不过，如果能加入一些关于天气变化对日出景象影响的建议就更完美了，这样读者就能更好地把握最佳观景时机。,1742383419
434,51,129,129.0,这篇《如何玩转秦皇岛的沙滩露营》游记详尽地介绍了秦皇岛的沙滩露营攻略。作者不仅分享了精选露营地的信息，还贴心提供了装备清单和安全须知，对初学者非常友好。不过，如果能加入一些个人体验感想或推荐特色活动就更完美了。适合准备前往的朋友参考学习！,1742305421
435,72,175,,这篇游记生动地再现了秦皇岛的历史韵味。作者不仅详细描述了每处景点的独特之处，还融入了自己的深刻感悟。对于想深入了解秦皇岛历史遗迹的游客来说，这是一篇极好的参考。,1741779650
436,3,173,,这篇游记《记录秦皇岛的日出观赏》真是美不胜收！作者细腻地捕捉了日出的壮丽景色，文字间流露出对大自然的敬畏之情。看完仿佛能感受到海风拂面，听到第一缕阳光穿透云层的声音。,1742406692
437,72,139,,这篇游记真是让人羡慕嫉妒恨啊！秦皇岛的海边果然名不虚传，孩子们在沙滩上尽情玩耍，乐此不疲。不过，如果能提前了解下当地的潮汐时间，应该可以避免被海水突然退去困住。此外，如果有更多亲子互动项目，相信会更吸引家庭游客哦。,1742285081
438,81,11,350.0,这篇《秦皇岛海上运动海滨攻略》真是干货满满！对于热爱水上活动的朋友来说，绝对是一份不容错过的宝藏资料。作者不仅详细介绍了各种海洋运动项目，还贴心地分享了最佳季节和时间点选择的技巧。,1742065907
439,2,130,,这篇游记生动地描绘了秦皇岛的海景魅力和当地风情。作者不仅分享了详细的行程安排，还贴心推荐了几家特色美食和住宿点，非常实用。建议增加一些关于最佳观赏日落时间和地点的信息，这样能更好地帮助旅行者规划完美一天。总体来说，是一篇值得参考的好游记！,1741962338
440,30,146,146.0,这篇游记生动描绘了秦皇岛黄金海岸的迷人景色。蓝天白云下，金色沙滩和碧海交相辉映，美不胜收。不过，文中提到的海鲜美食似乎没有太多提及，希望作者能分享更多当地的特色美食体验，这样读者在享受美景的同时还能感受到味蕾的旅行！,1742268042
441,92,162,411.0,这篇游记详实地记录了秦皇岛段长城的文化魅力。作者不仅分享了沿途的历史故事和自然风光，还推荐了几处容易被人忽视但景色绝美的观景点。对于爱好历史与摄影的游客来说，这是一份不可多得的指南。,1742860816
442,63,105,,这篇游记详细介绍了秦皇岛的各种特色小吃，让人垂涎三尺。尤其是烤鱼和海鲜粥，令人印象深刻。不过如果能加入一些小贴士，比如最佳品尝时间或推荐的小店，会更有帮助哦！适合准备前往的朋友参考。,1741698484
443,91,168,,这篇游记详细记录了作者在秦皇岛的一日游经历，从海滨风光到古城遗迹，每一处景点都留下了深刻的印象。尤其是对山海关古城的历史讲解和实地参观部分，让人仿佛穿越时空，感受到古代边塞的雄伟与繁华。,1742373270
444,33,48,48.0,这篇游记详细介绍了秦皇岛老龙头景区的独特魅力。从关城遗址到滨海风光，作者生动描绘了每一个景点，让人仿佛身临其境。不过，如果能加入一些个人体验和注意事项，比如哪些地方需要提前规划，会更实用。整体来说，推荐给想要了解北方海滨历史文化的旅行者！,1741743223
445,69,52,,这篇游记详细介绍了秦皇岛的特色美食——海胆炒饭。作者不仅分享了制作过程，还贴心地推荐了几家值得一试的餐厅。对于喜爱海鲜和追求新鲜口感的朋友来说，绝对值得去尝试。不过，如果能提供一些关于如何挑选新鲜海胆的小贴士就更好了！,1741917287
446,62,82,,这篇游记详细介绍了探索山海关古道的方式和体验，让人仿佛身临其境。建议作者可以加入一些关于当地历史文化的背景知识，让旅程更加丰富有趣。适合喜欢历史文化与徒步旅行的朋友们参考！,1742715721
447,19,138,252.0,这篇游记生动地记录了全家在秦皇岛动物园的美好时光。孩子们对各种动物充满了好奇，家长们也仿佛回到了童年的无忧无虑。不过，如果能提前了解园区开放时间和动物活动规律，可能更能充分利用时间。希望下次再来时，还能看到更多珍稀动物呢！,1741626291
448,29,57,224.0,这篇游记详实地记录了作者在秦皇岛的自驾之旅，从美丽的海岸线到历史悠久的山海古迹，每一处都让人印象深刻。特别是对老龙头的详细描述和体验分享，为准备前往的朋友提供了宝贵的参考。建议可以增加一些美食推荐或当地小贴士，让旅行更加完美！,1742711243
449,80,152,402.0,这篇游记生动描绘了北戴河的壮丽海景，让人仿佛身临其境。作者不仅分享了美丽的风景，还贴心提供了最佳观赏时间和天气提示，对于想要亲近大海的游客非常有帮助。建议增加一些关于当地特色的美食推荐，会让旅行更加完美！,1741966706
450,27,84,,《秦皇岛亲子时光旅行日记》真是一篇温馨动人的游记！文中不仅记录了与孩子的快乐时光，还详细介绍了秦皇岛的美景和美食。对于带着孩子出行的家庭来说，这篇帖子提供了很好的参考。,1742331138
451,85,9,,这篇《秦皇岛夏日乐趣避暑攻略》确实提供了不少实用信息。攻略详细介绍了海边游玩、海鲜品尝及当地特色的冷知识，对于寻找夏日清凉的好去处非常有帮助。不过，希望作者能增加一些针对家庭游客和亲子活动的建议，这样就能吸引更多不同群体的旅行者了！,1742641214
452,17,136,136.0,这篇游记生动描绘了秦皇岛北戴河海滨的魅力。作者不仅详细介绍了沿途的风景名胜，还分享了贴心的游玩建议和美食推荐。对于像我这样的旅行爱好者来说，是一份不可多得的好指南。,1742477164
453,97,9,293.0,这篇《秦皇岛夏日乐趣避暑攻略》真是让人眼前一亮！文中不仅详细介绍了秦皇岛的海滩风光和清凉景点，还分享了当地的美食推荐。对于想在夏天避开高温的城市居民来说，这篇游记提供了不少实用信息。,1741602999
454,95,89,,这篇游记生动地描绘了秦皇岛的海滨美景和休闲体验。蓝天白云下的海岸线、细腻柔软的沙滩让人流连忘返。不过，对于喜欢探险的朋友来说，文中似乎缺少一些推荐的隐蔽海滩或是有趣的户外活动介绍。可以考虑在游记中加入更多互动建议，让旅行更加丰富多彩！,1742754309
455,18,175,175.0,这篇游记生动描绘了秦皇岛的历史韵味，尤其对老城区的建筑和街巷细节描写细腻，让人仿佛身临其境。不过，如果能加入一些当地历史背景介绍，以及推荐几个必访景点，将会更加完美。对于像我这样的旅游爱好者来说，这些建议会非常实用。,1742134349
456,98,130,439.0,这篇游记生动地描绘了秦皇岛迷人的海滨风光和丰富的休闲活动。作者分享了许多实用的旅行建议，如最佳的海滩时间、当地美食推荐等，对于计划前往秦皇岛度假的朋友们非常有帮助。不过，如果能加入一些关于如何避开人流高峰的小贴士就更好了！,1741774895
457,100,126,,这篇《秦皇岛海滨漫步海滨攻略》真是干货满满！详细介绍了秦皇岛的美景和美食，还贴心地标注了最佳观海时间。不过，希望能增加一些关于住宿的信息，比如哪里能享受到海景房更合适。总体来说，是一篇不可多得的好攻略，强烈推荐给正在计划海边度假的朋友！,1742417079
458,64,57,316.0,这篇游记生动描绘了秦皇岛的自驾之旅，不仅详细记录了沿途风景，还分享了许多实用行车建议。对于像我这样的自驾新手来说，是一份难得的经验参考。不过，如果能增加一些当地美食推荐就更好了！这样不仅能更好地体验当地文化，也能让旅程更加完美。,1741880153
459,72,111,111.0,读了这篇《秦皇岛避暑山庄避暑攻略》，感觉非常实用！攻略中详细介绍了避暑山庄的历史背景和景点分布，还特别提到了避暑的好时机——7、8月份。不过，作者提到的餐饮推荐略显单一，可以多分享一些本地特色餐馆，这样更有助于游客品尝地道美食。,1742825787
460,95,189,,这篇游记生动描绘了秦皇岛的海鲜市场，让人垂涎欲滴。作者详细介绍了各种特色海鲜的烹饪方法和口感，特别是新鲜度极高的海捕鱼类，令人印象深刻。不过，如果能加入一些个人尝试后的口感描述或与其他地方对比，则会更吸引读者。,1742846962
461,32,17,332.0,这篇游记生动描绘了秦皇岛渔岛风景区的魅力，让人仿佛置身于海风轻拂、沙滩细腻的世界中。文章不仅介绍了美丽的自然风光，还分享了当地特色美食和渔民文化，为读者提供了全面的旅行指南。,1742851946
462,4,174,174.0,这篇《秦皇岛的采摘体验家庭游》真是让人眼前一亮！作者不仅分享了丰富的采摘经验和美食推荐，还贴心地给出了亲子互动的小贴士。对于喜欢亲近自然的家庭来说，这绝对是一次难忘的经历。,1742724723
463,53,12,,这篇游记详细介绍了秦皇岛的海景摄影技巧和最佳拍摄地点，对于初学者来说非常友好。不过，如果能加入一些季节性变化的信息就更好了，比如不同季节光线的特点以及如何捕捉最美时刻。期待作者带来更多精彩的旅行分享！,1742212190
464,2,184,184.0,这篇《秦皇岛凉爽体验避暑攻略》真是避暑的好帮手！文中不仅详细介绍了秦皇岛的美丽风光和美食推荐，还贴心地提供了实用的交通和住宿信息。不过，如果能加入一些关于最佳游览时间和避免人多拥挤的小贴士就更完美了。适合准备夏日旅行的朋友参考！,1742239438
465,12,76,,这篇游记生动地再现了秦皇岛天下第一关的历史风貌，让人仿佛穿越回那个烽火连天的时代。作者详细描述了城楼、长城等景点的壮丽景色，还分享了一些鲜为人知的历史故事，令人印象深刻。,1741737189
466,70,127,,这篇游记生动地描绘了秦皇岛的秦始皇东巡遗迹，不仅详细记录了沿途的历史文化景点，还分享了当地鲜为人知的小知识。对于历史和古迹感兴趣的游客来说，是一份不可多得的旅行指南。不过，如果能加入一些个人体验或感受，可能会让游记更加生动有趣。,1742440149
467,28,25,,这篇游记生动地描绘了秦皇岛当地的美食风情，让人垂涎欲滴。尤其是对于喜爱尝试各地风味的旅行者来说，文中详尽介绍了每一种小吃的历史背景和制作过程，不仅满足了味蕾的渴望，也增长了见识。,1741942694
468,46,164,,这篇游记生动描绘了秦皇岛日落时分的绝美风光。作者不仅详细记录了每一步行走和每一个观赏角度的变化，还分享了许多拍摄技巧，让人仿佛身临其境。不过，如果能加入一些当地特色的介绍或推荐，则会更加完美。,1742593579
469,83,23,,这篇《秦皇岛的渔民文化历史》游记生动地描绘了秦皇岛独特的渔村风情。作者深入浅出地介绍了当地丰富的海洋文化和传统生活方式，让人仿佛身临其境。不过，如果能增加一些互动体验的描述，比如参与捕鱼活动或品尝海鲜等，会更加吸引读者。,1742081199
470,78,195,,这篇游记生动描绘了山海关古道的风土人情和历史韵味。自驾游的方式让旅程更加自由灵活，沿途的风景也格外宜人。不过文中提到的部分道路较窄，提醒同行者注意安全。希望以后能有更多关于路线规划和注意事项的分享，让更多的旅行爱好者受益！,1742532297
471,53,17,,这篇游记生动描绘了秦皇岛渔岛风景区的美景，从细腻的文字中仿佛能感受到海风轻拂和沙滩细软。不过，如果能更详细地介绍一些特色活动或者推荐一些拍照打卡点就更好了，这样对打算前往的朋友会有更多实用信息。总体来说，是一篇值得一读的好游记！,1741706079
472,80,19,,这篇游记生动描绘了秦皇岛渔岛的美景，特别是那片蔚蓝的海水和金色的沙滩让人印象深刻。不过，文中提到的海鲜美食似乎有点遗憾，可以分享一下具体是哪些特色美食吗？这样对其他准备前往的朋友会更有帮助哦！期待作者后续补充更多美食推荐。,1742617043
473,53,101,,这篇游记生动地描绘了秦皇岛老龙头的历史底蕴和海洋风光。作者细致入微地记录下了每个景点的独特魅力，如古炮台、长城遗址等，让人仿佛身临其境。,1742431685
474,97,144,,这篇《秦皇岛山海关古道自驾游攻略》真的太实用了！详细介绍了沿途的历史文化景点和美食推荐，让自驾游更有目的性。不过，如果能加入一些实时交通状况信息就更好了，毕竟自驾游讲究的是即兴体验。强烈推荐给准备探索这段历史长廊的朋友们！,1741715472
475,53,176,,这篇游记生动地描绘了秦皇岛夏日的凉爽体验。作者细腻地捕捉了海边的独特魅力和微风拂面的惬意感，让人仿佛身临其境。不过，如果能加入一些关于当地美食或是特色活动的介绍就更完美啦！对于计划前往的朋友来说，这样的补充信息无疑更加实用。,1742078321
476,26,132,132.0,这篇游记详细描绘了老龙头的历史底蕴和壮丽景色，让人仿佛亲临其境。建议作者可以增加一些关于当地特色小吃的信息，让读者在饱览美景的同时也能体验当地的美食文化，提升旅行的乐趣。期待你下次分享更多精彩内容！,1742110853
477,37,123,123.0,这篇《秦皇岛海鲜大餐美食攻略》真是让人垂涎三尺！作者详细介绍了各种海鲜的做法和品尝技巧，让人仿佛身临其境。不过对于初次去的朋友，能否再多提供一些交通指南或者推荐的餐厅呢？这样会更有帮助哦！,1742726449
478,46,153,153.0,这篇关于《秦皇岛必吃的当地小吃美食》的游记真是让人垂涎三尺！作者不仅介绍了海味十足的海鲜饺子和鲜美多汁的烤鱿鱼，还特别推荐了当地的炸灌肠和酸辣粉。建议可以增加一些购买小贴士或地图导航信息，让准备前往的朋友更加方便地找到这些美食。,1742484543
479,5,158,158.0,这篇游记生动地描绘了秦皇岛碣石山的历史魅力和自然风光。作者不仅介绍了丰富的历史文化背景，还分享了亲自探访时的心得体验，让读者仿佛身临其境。对于想要深入了解中国古典文化的旅行者来说，是一篇很好的参考。,1741816686
480,65,149,249.0,这篇游记详细介绍了秦皇岛的景点和美食，让人对这个海滨城市充满了向往。不过，作者是否提到夏季避暑的最佳时间？另外，如果能加入一些当地居民推荐的小众海滩信息就更好了！这样旅友们不仅能体验到热门景点的乐趣，还能发现更多惊喜。,1742373061
481,56,129,,这篇游记详细介绍了秦皇岛沙滩露营的每一个步骤，从选址到装备准备都考虑得很周全。尤其对初学者非常友好，让人看了跃跃欲试。不过希望能加入更多关于天气和潮汐变化的信息，毕竟这对露营体验影响很大呢！整体来说，是一篇值得推荐的好文章。,1742041769
482,24,126,,这篇游记详细介绍了秦皇岛的海滨风光和游玩路线，为喜欢海滨度假的朋友们提供了实用信息。不过，文中提到的几家餐厅没有留下具体名称，如果能加上些特色推荐就更好了。整体来说，对想要体验秦皇岛海边风情的游客非常有帮助！,1742204154
483,17,18,229.0,这篇游记生动地再现了秦皇岛的历史厚重感。从北戴河到老虎石公园，不仅领略了壮丽海景，还深刻感受到浓厚的军事历史氛围。建议增加一些当地美食推荐，让读者能更好地融入当地文化，提升旅行体验。期待更多这样的分享！,1742478653
484,87,178,,这篇游记生动描绘了秦皇岛海鲜大餐的魅力。作者不仅分享了食材的新鲜和多样，还详细介绍了烹饪技巧。对于喜爱尝试各地美食的朋友来说，这篇游记是一份宝贵的指南。不过，如果能加入一些个人体验或推荐的特色餐厅会更加吸引人哦！,1742224696
485,73,104,104.0,这篇游记生动描绘了秦皇岛的海景之美。漫步在沙滩上，仿佛能感受到海风轻拂脸庞的惬意。作者不仅分享了美景，还提到了当地的小吃，让人垂涎欲滴。不过，如果能加入一些关于如何避开人潮、享受更宁静海滩的小贴士就更好了。适合计划海滨之旅的朋友参考！,1742760875
486,52,72,,这篇游记生动描绘了秦皇岛黄金海岸的迷人景色，细腻的文字让人仿佛置身于那金色沙滩和碧海蓝天之间。不过，如果能加入一些当地特色海鲜美食的介绍，相信会更加吸引食客与旅行者的兴趣。期待作者下次分享更多旅行故事！,1741616371
487,88,121,,这篇游记为我规划秦皇岛沙滩露营之旅提供了宝贵的经验。作者详细分享了从装备准备到活动结束的全过程，特别是夜间观星的部分让人向往不已。不过，如果能加入一些关于潮汐时间表的信息就更完美了，这样可以更好地安排沙滩探索的时间。,1742163436
488,61,182,,这篇《秦皇岛自驾体验旅行日记》生动有趣，让人仿佛身临其境。作者对各地风景的描述细腻入微，特别是对于海滨风光和历史文化的介绍，让人印象深刻。,1742234191
489,74,77,,这篇游记生动描绘了秦皇岛夏日的独特魅力。作者不仅分享了丰富的游玩攻略，还贴心推荐了几处隐蔽的好去处，让人眼前一亮。对于计划暑期旅行的朋友来说，这是一份不可多得的实用指南。不过，如果能加入一些个人体验或感受会更完美，让读者更能感同身受。,1741670892
490,47,164,164.0,这篇《秦皇岛的日落美景海滨体验》真是让人眼前一亮！作者生动描绘了秦皇岛傍晚海天一色的壮丽景色，还有细腻入微地分享了海边漫步、品尝海鲜的独特体验。,1742017442
491,29,5,225.0,这篇游记生动描绘了秦皇岛的海上运动乐趣，尤其是冲浪和帆船体验让人跃跃欲试。不过，如果能加入一些实用装备推荐会更好，让初学者也能轻松上手。整体而言，是一篇不错的旅行指南！,1741762172
492,31,84,,《秦皇岛亲子时光旅行日记》生动描绘了一次家庭共度的美好旅程。文中不仅记录了壮丽的海岸风光和美味的地方小吃，还分享了许多亲子互动的小故事，让人感受到温馨的家庭氛围。对于计划带孩子出游的父母来说，是一份宝贵的参考。,1742482638
493,79,8,,这篇游记详细介绍了秦皇岛扇贝烧烤的独特风味和制作工艺，让我对当地海鲜美食有了更深的了解。文中提到的烧烤摊位位置和服务态度也给旅行者提供了实用信息。不过，如果有几处推荐的餐馆或者更多食谱分享就更好了，能让我们在品尝之前就有更多期待！,1742409100
494,9,167,258.0,这篇游记详细介绍了秦皇岛沿海公路的美景和线路规划，特别推荐了夏季自驾游的最佳时间。沿途风光如画，从老龙头到北戴河，每一段风景都让人流连忘返。不过，如果能增加一些实用的地图导航建议或注意事项，比如路段易堵信息等，会更加贴心。,1741796299
495,35,82,,这篇游记生动地描绘了探访秦皇岛山海关古道的经历。作者不仅详细介绍了古道的历史背景和沿途风光，还分享了许多实用的小贴士，如最佳游览时间和必备装备，对计划前往的朋友非常有帮助。不过，如果能加入一些个人体验感受，会更加引人入胜。,1742717030
496,4,94,,读完这篇《我的秦皇岛自驾体验之旅》，真是让人羡慕不已！沿途的海景美不胜收，尤其是日落时分，金色的阳光洒在波光粼粼的海面上，美得让人心醉。作者的描述生动细腻，仿佛身临其境。不过，如果能提前了解一些路况信息和天气变化，相信旅行会更加顺畅愉快。,1742580992
497,89,83,348.0,这篇《秦皇岛的海上运动海滨体验》真的值得一读！作者详细分享了冲浪、帆板等多样化的海上活动，让人仿佛置身其间。不过，如果能加入一些当地的美食推荐和住宿建议就更好了，这样计划旅行时就能全方位考虑，更有帮助。强烈推荐给喜爱海洋与冒险的朋友！,1742250945
498,59,60,,这篇游记生动描绘了秦皇岛一日游的经历，特别是对天下第一关的探访令人印象深刻。文中详细记录了古关隘的历史背景和壮丽风光，让人仿佛身临其境。建议在游记中加入更多个人感受或与当地居民交流的小故事，会更有感染力。期待作者未来分享更多精彩旅行经历！,1742026997
499,15,116,,这篇游记生动描绘了秦皇岛的海景魅力，让人仿佛置身于那片细腻柔软的沙滩。作者不仅记录了美丽的风光，还分享了许多实用的小贴士，如最佳观赏时间和注意事项，这对计划海滨之旅的朋友非常有帮助。建议未来可以增加一些当地美食推荐，让旅行更加完美！,1741812552
500,78,172,,读罢这篇《我的秦皇岛自驾体验之旅》，让人顿生向往。作者细腻地描绘了沿途的海景风光和人文风情，尤其是对北戴河、南戴河两地的介绍尤为生动。若能增加一些实用的小贴士，比如最佳出行时间和交通建议，相信会让更多自驾游爱好者受益匪浅。,1742376667
